kalimat,aspek,sentimen,skor,divisi
"Saya mengikuti program Magang & Studi Independen VINIX7 sebagai Junior Data Scientist, dan pengalaman yang saya dapatkan benar-benar melebihi ekspektasi",Program,Positif,6.0,Data Science & ML
"Meskipun saya berasal dari jurusan Matematika dan sudah pernah belajar dasar-dasar Machine Learning, pembelajaran di program ini terasa jauh lebih terarah, aplikatif, dan relevan dengan kebutuhan industri",Materi,Positif,3.0,Data Science & ML
"Meskipun saya berasal dari jurusan Matematika dan sudah pernah belajar dasar-dasar Machine Learning, pembelajaran di program ini terasa jauh lebih terarah, aplikatif, dan relevan dengan kebutuhan industri",Karier,Positif,3.0,Data Science & ML
"Meskipun saya berasal dari jurusan Matematika dan sudah pernah belajar dasar-dasar Machine Learning, pembelajaran di program ini terasa jauh lebih terarah, aplikatif, dan relevan dengan kebutuhan industri",Program,Positif,3.0,Data Science & ML
"\n\nSelama program, saya mempelajari banyak hal yang sebelumnya belum saya dalami",Program,Netral,0.0,Data Science & ML
"Tidak hanya teori, tetapi juga praktik langsung seperti data cleaning yang lebih kompleks, eksplorasi data (EDA), membangun model regresi, klasifikasi, hingga clustering, serta memahami bagaimana menafsirkan hasil model dalam konteks yang masuk akal",Project,Positif,2.0,Data Science & ML
"Saya juga belajar membuat visualisasi, dashboard interaktif, dan menyampaikan insight dengan cara yang lebih runtut dan mudah dipahami",Umum,Positif,4.0,Data Science & ML
\n\nSalah satu pengalaman yang paling berkesan adalah saat mengerjakan Final Project,Project,Positif,5.0,Data Science & ML
"Kami mencoba merancang alur kerja yang rapi: memahami konteks, merumuskan pertanyaan analisis, menyiapkan dataset, membuat analisis yang komprehensif, sampai membuat dashboard interaktif di Looker Studio",Karier,Positif,3.0,Data Science & ML
"Kami mencoba merancang alur kerja yang rapi: memahami konteks, merumuskan pertanyaan analisis, menyiapkan dataset, membuat analisis yang komprehensif, sampai membuat dashboard interaktif di Looker Studio",Program,Positif,3.0,Data Science & ML
"Rasanya benar-benar seperti mengerjakan proyek data yang nyata, tetapi tetap dengan pendampingan sehingga tidak kewalahan",Project,Netral,0.0,Data Science & ML
\n\nMentor dan PIC di VINIX7 juga sangat suportif,Mentor,Positif,4.0,Data Science & ML
"Penjelasannya jelas, selalu memberi contoh yang relevan, dan tidak keberatan membantu ketika ada kesulitan",Umum,Positif,-4.0,Data Science & ML
"Suasana belajarnya ramah, nyaman, dan banyak diskusi yang membuka wawasan",Umum,Positif,2.0,Data Science & ML
"\n\nProgram ini sangat membantu saya memperkuat skill teknis, memperluas pemahaman Machine Learning, menambah portofolio, dan membangun kepercayaan diri untuk melangkah lebih jauh di dunia data",Project,Positif,9.0,Data Science & ML
"\n\nProgram ini sangat membantu saya memperkuat skill teknis, memperluas pemahaman Machine Learning, menambah portofolio, dan membangun kepercayaan diri untuk melangkah lebih jauh di dunia data",Skill,Positif,9.0,Data Science & ML
"\n\nProgram ini sangat membantu saya memperkuat skill teknis, memperluas pemahaman Machine Learning, menambah portofolio, dan membangun kepercayaan diri untuk melangkah lebih jauh di dunia data",Program,Positif,9.0,Data Science & ML
"\n\nSaya sangat merekomendasikan program ini bagi siapa pun yang ingin belajar data secara lebih mendalam, terstruktur, dan langsung dari praktisi yang berpengalaman",Program,Positif,4.0,Data Science & ML
\n\nTerima kasih VINIX7,Umum,Positif,2.0,Data Science & ML
Pengalaman yang berharga 👍,Umum,Positif,5.0,Data Science & ML
Attending the independent study program at VINIX7 has been an exceptionally valuable experience,Program,Positif,4.0,Tidak Disebutkan
"The learning environment is well-structured, and the materials provided are insightful, comprehensive, and truly enriching",Materi,Positif,4.0,Tidak Disebutkan
I gained a substantial amount of practical knowledge that has significantly strengthened my understanding of the field,Umum,Netral,0.0,Tidak Disebutkan
"\n\nThe mentors are engaging, supportive, and highly experienced",Mentor,Netral,0.0,Tidak Disebutkan
Their guidance not only made each session enjoyable but also helped clarify complex topics with ease and professionalism,Mentor,Netral,0.0,Tidak Disebutkan
"The overall learning quality exceeded my expectations, making VINIX7 a place I would strongly recommend to anyone seeking meaningful growth and well-delivered educational content",Umum,Positif,4.0,Tidak Disebutkan
"\n\nThank you, VINIX7, for an outstanding learning journey",Umum,Positif,7.0,Tidak Disebutkan
Saya Sebagai alumni Google Vinix Batch 3 secara pribadi ingin menyampaikan bahwa program ini telah memberikan pengalaman belajar yang sangat transformatif dan relevan dengan kebutuhan industri digital saat ini,Karier,Positif,4.0,Tidak Disebutkan
Saya Sebagai alumni Google Vinix Batch 3 secara pribadi ingin menyampaikan bahwa program ini telah memberikan pengalaman belajar yang sangat transformatif dan relevan dengan kebutuhan industri digital saat ini,Program,Positif,4.0,Tidak Disebutkan
"Program ini berhasil membawa """"magic"""" Google langsung ke proses pembelajaran saya, bukan hanya sekadar teori",Materi,Netral,0.0,Tidak Disebutkan
"Program ini berhasil membawa """"magic"""" Google langsung ke proses pembelajaran saya, bukan hanya sekadar teori",Program,Netral,0.0,Tidak Disebutkan
"Saya diajak untuk langsung berhadapan dengan tantangan nyata di bidang data, menggunakan tools dan platform yang benar-benar digunakan di dunia profesional, seperti Google colabs, Analytics, dan kaggle",Karier,Netral,0.0,Tidak Disebutkan
"Yang paling berkesan adalah pendekatan pembelajarannya yang berbasis proyek"";"" saya tidak hanya menjadi peserta pasif, tetapi aktif membangun solusi dari nol hingga menghasilkan portofolio yang konkret dan dapat dibanggakan",Materi,Positif,6.0,Tidak Disebutkan
"Yang paling berkesan adalah pendekatan pembelajarannya yang berbasis proyek"";"" saya tidak hanya menjadi peserta pasif, tetapi aktif membangun solusi dari nol hingga menghasilkan portofolio yang konkret dan dapat dibanggakan",Project,Positif,6.0,Tidak Disebutkan
Dukungan dari mentor-mentor yang kompeten dan accessible membuat saya sendiri merasa didampingi dengan baik meski belajar secara intensif,Mentor,Positif,10.0,Tidak Disebutkan
Kesempatan untuk berkolaborasi dengan rekan dari berbagai disiplin ilmu juga memperkaya perspektif kami,Umum,Positif,4.0,Tidak Disebutkan
"Secara keseluruhan, Vinix bukan sekadar program studi independen, melainkan sebuah bootcamp karir yang mempercepat kemampuan teknis dan pola pikir analitis kami, memberikan kami kepercayaan diri dan bekal yang solid untuk memasuki atau mengembangkan karier di era data-driven",Skill,Positif,2.0,Tidak Disebutkan
"Secara keseluruhan, Vinix bukan sekadar program studi independen, melainkan sebuah bootcamp karir yang mempercepat kemampuan teknis dan pola pikir analitis kami, memberikan kami kepercayaan diri dan bekal yang solid untuk memasuki atau mengembangkan karier di era data-driven",Karier,Positif,2.0,Tidak Disebutkan
"Secara keseluruhan, Vinix bukan sekadar program studi independen, melainkan sebuah bootcamp karir yang mempercepat kemampuan teknis dan pola pikir analitis kami, memberikan kami kepercayaan diri dan bekal yang solid untuk memasuki atau mengembangkan karier di era data-driven",Program,Positif,2.0,Tidak Disebutkan
Program ini sangat kami rekomendasikan bagi mahasiswa yang haus akan pembelajaran praktis dan ingin merasakan langsung bagaimana teknologi Google diterapkan untuk menyelesaikan masalah bisnis yang sesungguhnya,Materi,Positif,4.0,Tidak Disebutkan
Program ini sangat kami rekomendasikan bagi mahasiswa yang haus akan pembelajaran praktis dan ingin merasakan langsung bagaimana teknologi Google diterapkan untuk menyelesaikan masalah bisnis yang sesungguhnya,Program,Positif,4.0,Tidak Disebutkan
"Saya sangat puas mengikuti Program Magang & Studi Independen Mandiri di VINIX7, khususnya di Divisi Brand Design & Marketing",Program,Positif,5.0,Brand & Marketing
"Selama kurang lebih empat bulan menjalani program, saya mendapatkan pengalaman belajar yang sangat berharga melalui pendekatan project-based learning yang terstruktur dan relevan dengan kebutuhan industri saat ini",Project,Positif,10.0,Brand & Marketing
"Selama kurang lebih empat bulan menjalani program, saya mendapatkan pengalaman belajar yang sangat berharga melalui pendekatan project-based learning yang terstruktur dan relevan dengan kebutuhan industri saat ini",Karier,Positif,10.0,Brand & Marketing
"Selama kurang lebih empat bulan menjalani program, saya mendapatkan pengalaman belajar yang sangat berharga melalui pendekatan project-based learning yang terstruktur dan relevan dengan kebutuhan industri saat ini",Program,Positif,10.0,Brand & Marketing
"\n\nMateri yang diberikan mudah dipahami, praktis, dan langsung dapat diterapkan dalam pengerjaan proyek",Materi,Positif,4.0,Brand & Marketing
"\n\nMateri yang diberikan mudah dipahami, praktis, dan langsung dapat diterapkan dalam pengerjaan proyek",Project,Positif,4.0,Brand & Marketing
"Mentor dan koordinator juga sangat suportif, ramah, serta memberikan feedback yang membangun di setiap sesi mentoring maupun diskusi kelompok",Mentor,Positif,4.0,Brand & Marketing
"Suasana pembelajaran interaktif dan penuh semangat, sehingga proses belajar terasa menyenangkan dan tidak membosankan",Materi,Positif,4.0,Brand & Marketing
"\n\nProgram ini tidak hanya meningkatkan keterampilan teknis saya dalam desain visual dan digital marketing, tetapi juga mengembangkan kemampuan soft skill seperti komunikasi, kerja tim, manajemen waktu, dan problem-solving",Skill,Netral,0.0,Brand & Marketing
"\n\nProgram ini tidak hanya meningkatkan keterampilan teknis saya dalam desain visual dan digital marketing, tetapi juga mengembangkan kemampuan soft skill seperti komunikasi, kerja tim, manajemen waktu, dan problem-solving",Karier,Netral,0.0,Brand & Marketing
"\n\nProgram ini tidak hanya meningkatkan keterampilan teknis saya dalam desain visual dan digital marketing, tetapi juga mengembangkan kemampuan soft skill seperti komunikasi, kerja tim, manajemen waktu, dan problem-solving",Program,Netral,0.0,Brand & Marketing
"\n\nSaya merekomendasikan VINIX7 bagi mahasiswa maupun fresh graduate yang ingin memperluas wawasan profesional, membangun portofolio, dan mempersiapkan diri memasuki dunia kerja dengan lebih percaya diri",Project,Positif,19.0,Brand & Marketing
"\n\nSaya merekomendasikan VINIX7 bagi mahasiswa maupun fresh graduate yang ingin memperluas wawasan profesional, membangun portofolio, dan mempersiapkan diri memasuki dunia kerja dengan lebih percaya diri",Karier,Positif,19.0,Brand & Marketing
"\n\nTerima kasih VINIX7, sudah menjadi ruang bertumbuh yang sangat berkesan",Umum,Positif,10.0,Brand & Marketing
Pengalaman belajar yang benar-benar berkesan,Umum,Positif,5.0,Tidak Disebutkan
\nMengikuti Program Studi Independen di Vinix Seven Aurum menjadi salah satu langkah paling berharga dalam perjalanan pengembangan diri saya di dunia digital,Program,Positif,4.0,Tidak Disebutkan
"Sejak hari pertama, saya langsung merasakan bahwa program ini dirancang dengan sangat matang dan berfokus pada pembelajaran berbasis proyek yang sesuai dengan kebutuhan industri saat ini",Materi,Netral,0.0,Tidak Disebutkan
"Sejak hari pertama, saya langsung merasakan bahwa program ini dirancang dengan sangat matang dan berfokus pada pembelajaran berbasis proyek yang sesuai dengan kebutuhan industri saat ini",Project,Netral,0.0,Tidak Disebutkan
"Sejak hari pertama, saya langsung merasakan bahwa program ini dirancang dengan sangat matang dan berfokus pada pembelajaran berbasis proyek yang sesuai dengan kebutuhan industri saat ini",Karier,Netral,0.0,Tidak Disebutkan
"Sejak hari pertama, saya langsung merasakan bahwa program ini dirancang dengan sangat matang dan berfokus pada pembelajaran berbasis proyek yang sesuai dengan kebutuhan industri saat ini",Program,Netral,0.0,Tidak Disebutkan
"Setiap materi dan tantangan yang diberikan terasa relevan, aplikatif, dan membuat saya benar-benar memahami bagaimana proses kerja profesional di bidang teknologi",Materi,Positif,3.0,Tidak Disebutkan
"Setiap materi dan tantangan yang diberikan terasa relevan, aplikatif, dan membuat saya benar-benar memahami bagaimana proses kerja profesional di bidang teknologi",Karier,Positif,3.0,Tidak Disebutkan
\n\nPara mentor di Vinix Seven Aurum juga memberikan pengalaman yang luar biasa,Mentor,Positif,6.0,Tidak Disebutkan
"Mereka tidak hanya ramah dan suportif, tetapi juga selalu memberikan arahan yang jelas, detail, dan mudah diikuti",Umum,Netral,1.0,Tidak Disebutkan
"Saya merasa dibimbing, bukan hanya diajarkan",Umum,Netral,0.0,Tidak Disebutkan
Pendekatan mereka yang komunikatif dan terbuka membuat saya lebih percaya diri dalam mencoba hal-hal baru dan tidak ragu untuk bertanya setiap kali menemui kendala,Umum,Positif,8.0,Tidak Disebutkan
\n\nSuasana kerja selama program pun sangat mendukung proses belajar,Karier,Netral,0.0,Tidak Disebutkan
\n\nSuasana kerja selama program pun sangat mendukung proses belajar,Program,Netral,0.0,Tidak Disebutkan
"Lingkungan yang nyaman, kolaboratif, dan penuh semangat menjadi tempat yang ideal untuk berkreasi dan berkembang",Umum,Positif,3.0,Tidak Disebutkan
"Setiap diskusi, brainstorming, hingga sesi feedback terasa sangat bermanfaat",Umum,Positif,5.0,Tidak Disebutkan
"Hal ini sangat membantu terutama dalam memperdalam kemampuan saya di bidang UI/UX Design dan Web Development, yang membutuhkan perpaduan antara kreativitas, analisis, dan pemahaman teknologi",Skill,Positif,5.0,Tidak Disebutkan
\n\nProgram ini sangat saya rekomendasikan bagi mahasiswa yang ingin membangun portofolio yang kuat dan mendapatkan pengalaman nyata di dunia kerja digital,Project,Positif,9.0,Tidak Disebutkan
\n\nProgram ini sangat saya rekomendasikan bagi mahasiswa yang ingin membangun portofolio yang kuat dan mendapatkan pengalaman nyata di dunia kerja digital,Karier,Positif,9.0,Tidak Disebutkan
\n\nProgram ini sangat saya rekomendasikan bagi mahasiswa yang ingin membangun portofolio yang kuat dan mendapatkan pengalaman nyata di dunia kerja digital,Program,Positif,9.0,Tidak Disebutkan
"Tidak hanya menambah skill teknis, program ini juga melatih cara berpikir kritis, manajemen waktu, dan kerja tim—hal-hal yang sangat dibutuhkan ketika terjun ke industri sebenarnya",Skill,Netral,0.0,Tidak Disebutkan
"Tidak hanya menambah skill teknis, program ini juga melatih cara berpikir kritis, manajemen waktu, dan kerja tim—hal-hal yang sangat dibutuhkan ketika terjun ke industri sebenarnya",Karier,Netral,0.0,Tidak Disebutkan
"Tidak hanya menambah skill teknis, program ini juga melatih cara berpikir kritis, manajemen waktu, dan kerja tim—hal-hal yang sangat dibutuhkan ketika terjun ke industri sebenarnya",Program,Netral,0.0,Tidak Disebutkan
"\n\nTerima kasih banyak, VINIX, atas pengalaman dan kesempatan luar biasa ini",Umum,Positif,10.0,Tidak Disebutkan
​Saya sangat berterima kasih atas kesempatan mengikuti program Studi Independen Batch 3 Junior Data Scientist dari Vinix Seven Arum,Program,Positif,4.0,Data Science & ML
Materi yang disajikan sungguh luar biasa komprehensif dan relevan dengan kebutuhan industri saat ini,Materi,Positif,11.0,Data Science & ML
Materi yang disajikan sungguh luar biasa komprehensif dan relevan dengan kebutuhan industri saat ini,Karier,Positif,11.0,Data Science & ML
"Kurikulumnya dirancang dengan sangat baik, mulai dari fundamental programming hingga implementasi model machine learning yang kompleks",Materi,Positif,5.0,Data Science & ML
"Kurikulumnya dirancang dengan sangat baik, mulai dari fundamental programming hingga implementasi model machine learning yang kompleks",Program,Positif,5.0,Data Science & ML
"Para mentor juga berhasil menyajikan konsep-konsep teknis yang sulit dengan cara yang mudah dipahami, membuat proses belajar menjadi efektif dan menyenangkan",Mentor,Positif,11.0,Data Science & ML
"Para mentor juga berhasil menyajikan konsep-konsep teknis yang sulit dengan cara yang mudah dipahami, membuat proses belajar menjadi efektif dan menyenangkan",Skill,Positif,11.0,Data Science & ML
"\n​Selain kualitas materi, fasilitas pembelajaran yang disediakan juga patut diacungi jempol",Materi,Netral,0.0,Data Science & ML
"Akses ke sumber daya belajar (seperti dataset riil dan tools analisis premium), sesi live coding, serta platform pembelajaran yang interaktif sangat mendukung saya dalam praktik langsung",Materi,Positif,3.0,Data Science & ML
"Akses ke sumber daya belajar (seperti dataset riil dan tools analisis premium), sesi live coding, serta platform pembelajaran yang interaktif sangat mendukung saya dalam praktik langsung",Project,Positif,3.0,Data Science & ML
Lingkungan belajar yang suportif dan respons cepat dari tim penyelenggara terhadap kendala teknis memastikan pengalaman belajar yang lancar dan maksimal,Skill,Positif,3.0,Data Science & ML
Lingkungan belajar yang suportif dan respons cepat dari tim penyelenggara terhadap kendala teknis memastikan pengalaman belajar yang lancar dan maksimal,Program,Positif,3.0,Data Science & ML
Program ini benar-benar mempersiapkan saya dengan skillset yang solid untuk melangkah menjadi Junior Data Scientist,Skill,Positif,2.0,Data Science & ML
Program ini benar-benar mempersiapkan saya dengan skillset yang solid untuk melangkah menjadi Junior Data Scientist,Program,Positif,2.0,Data Science & ML
Pengalaman mengikuti VINIX7 Batch 3 di Divisi Financial Market Analyst memang sangat berkesan dan penuh nilai pembelajaran,Materi,Positif,6.0,Financial & Banking
"Program ini dirancang dengan struktur yang jelas dan materi yang disampaikan secara sistematis, sehingga memudahkan peserta untuk memahami setiap konsep",Materi,Positif,3.0,Financial & Banking
"Program ini dirancang dengan struktur yang jelas dan materi yang disampaikan secara sistematis, sehingga memudahkan peserta untuk memahami setiap konsep",Program,Positif,3.0,Financial & Banking
\n\nMentor yang suportif dan mudah diajak berdiskusi membuat proses belajar menjadi nyaman dan efektif,Mentor,Positif,9.0,Financial & Banking
"Mulai dari pengenalan berbagai instrumen pasar keuangan hingga teknik analisis mendalam, setiap sesi memberikan wawasan baru yang aplikatif",Umum,Positif,5.0,Financial & Banking
\n\nPraktik langsung dalam penyusunan portofolio dan pengerjaan proyek akhir memperluas pemahaman saya tentang peran seorang financial market analyst secara profesional,Project,Positif,5.0,Financial & Banking
\n\nPraktik langsung dalam penyusunan portofolio dan pengerjaan proyek akhir memperluas pemahaman saya tentang peran seorang financial market analyst secara profesional,Karier,Positif,5.0,Financial & Banking
Hal ini juga sangat membantu dalam mengasah kemampuan analisis sekaligus membangun kepercayaan diri,Skill,Positif,7.0,Financial & Banking
"\n\nVINIX7 bukan hanya sekadar program pelatihan, tapi pengalaman belajar yang membawa perubahan nyata dalam pengembangan keterampilan saya di bidang pasar keuangan",Skill,Netral,1.0,Financial & Banking
"\n\nVINIX7 bukan hanya sekadar program pelatihan, tapi pengalaman belajar yang membawa perubahan nyata dalam pengembangan keterampilan saya di bidang pasar keuangan",Program,Netral,1.0,Financial & Banking
"Sebagai seorang mahasiswa yang juga harus menyeimbangkan waktu dengan pekerjaan, mencari program magang yang fleksibel sekaligus berkualitas adalah tantangan besar",Karier,Positif,4.0,Tidak Disebutkan
"Sebagai seorang mahasiswa yang juga harus menyeimbangkan waktu dengan pekerjaan, mencari program magang yang fleksibel sekaligus berkualitas adalah tantangan besar",Program,Positif,4.0,Tidak Disebutkan
Saya membutuhkan program yang bisa dilakukan secara jarak jauh (WFH) namun tetap memberikan pengalaman nyata yang berharga,Program,Positif,7.0,Tidak Disebutkan
"​Beruntung, saya menemukan program Magang dan Studi Independen Mandiri dari PT VINIX7 saya mengambil devisi junior web UI/UX ​Program ini benar-benar menjadi solusi",Program,Netral,0.0,Tidak Disebutkan
"Saya bisa belajar dengan modul yang terstruktur dan berbasis kasus nyata, dibimbing langsung oleh mentor profesional",Mentor,Positif,6.0,Tidak Disebutkan
"Saya bisa belajar dengan modul yang terstruktur dan berbasis kasus nyata, dibimbing langsung oleh mentor profesional",Materi,Positif,6.0,Tidak Disebutkan
"Saya bisa belajar dengan modul yang terstruktur dan berbasis kasus nyata, dibimbing langsung oleh mentor profesional",Karier,Positif,6.0,Tidak Disebutkan
"Saya bisa belajar dengan modul yang terstruktur dan berbasis kasus nyata, dibimbing langsung oleh mentor profesional",Program,Positif,6.0,Tidak Disebutkan
"Saya tidak hanya mendapatkan sertifikat, tetapi yang terpenting, saya memiliki portofolio kerja dan keterampilan masa depan yang siap dipakai, seperti perancangan pembuatan web dan bisnis digital serta analisis data ​Terima kasih VINIX7, Anda membantu saya menggapai impian karir tanpa harus mengorbankan kewajiban lainnya",Project,Positif,6.0,Tidak Disebutkan
"Saya tidak hanya mendapatkan sertifikat, tetapi yang terpenting, saya memiliki portofolio kerja dan keterampilan masa depan yang siap dipakai, seperti perancangan pembuatan web dan bisnis digital serta analisis data ​Terima kasih VINIX7, Anda membantu saya menggapai impian karir tanpa harus mengorbankan kewajiban lainnya",Skill,Positif,6.0,Tidak Disebutkan
"Saya tidak hanya mendapatkan sertifikat, tetapi yang terpenting, saya memiliki portofolio kerja dan keterampilan masa depan yang siap dipakai, seperti perancangan pembuatan web dan bisnis digital serta analisis data ​Terima kasih VINIX7, Anda membantu saya menggapai impian karir tanpa harus mengorbankan kewajiban lainnya",Karier,Positif,6.0,Tidak Disebutkan
Sangat saya rekomendasikan untuk semua mahasiswa yang ingin berkembang,Umum,Positif,7.0,Tidak Disebutkan
Pengalaman Studi Independen di VINIX – Divisi Data Scientist✨\n\nMengikuti program Studi Independen di Vinix Seven Arum menjadi salah satu pengalaman belajar paling berharga yang saya jalani,Program,Positif,6.0,Data Science & ML
Kurikulumnya dirancang berbasis proyek dan sangat selaras dengan kebutuhan industri saat ini,Materi,Netral,0.0,Data Science & ML
Kurikulumnya dirancang berbasis proyek dan sangat selaras dengan kebutuhan industri saat ini,Project,Netral,0.0,Data Science & ML
Kurikulumnya dirancang berbasis proyek dan sangat selaras dengan kebutuhan industri saat ini,Karier,Netral,0.0,Data Science & ML
"Para mentornya pun komunikatif, suportif, dan selalu memberikan bimbingan yang mudah dipahami",Mentor,Positif,7.0,Data Science & ML
Program ini layak dipertimbangkan bagi mahasiswa yang ingin mengembangkan portofolio sekaligus merasakan suasana kerja di dunia digital,Project,Positif,2.0,Data Science & ML
Program ini layak dipertimbangkan bagi mahasiswa yang ingin mengembangkan portofolio sekaligus merasakan suasana kerja di dunia digital,Karier,Positif,2.0,Data Science & ML
Program ini layak dipertimbangkan bagi mahasiswa yang ingin mengembangkan portofolio sekaligus merasakan suasana kerja di dunia digital,Program,Positif,2.0,Data Science & ML
"Terima kasih, Vinix7",Umum,Positif,2.0,Data Science & ML
"\n\nDi Divisi Data Scientist, saya mendapatkan kesempatan untuk mendalami proses kerja seorang data scientist secara menyeluruh—mulai dari pengumpulan data, pembersihan, eksplorasi, visualisasi, hingga membangun model machine learning",Karier,Positif,4.0,Data Science & ML
"Kami juga dilatih untuk menyampaikan insight melalui data storytelling, sesuatu yang sangat penting ketika berhadapan dengan stakeholder",Umum,Netral,0.0,Data Science & ML
"\n\nPengalaman ini membuat saya semakin memahami bahwa profesi data scientist tidak hanya berfokus pada teknis, tetapi juga menuntut kemampuan berpikir analitis secara bisnis",Skill,Netral,0.0,Data Science & ML
"Saat mengerjakan dataset dari sumber seperti UCI Repository, saya belajar menemukan konteks dan cerita di balik data tersebut",Umum,Netral,0.0,Data Science & ML
Joining the Digital Forensic division in the Studi Independen VINIX7 program has been a truly valuable experience,Program,Positif,4.0,Cybersecurity
"Throughout the program, I learned how digital investigations work—from handling and preserving evidence, analyzing digital artifacts, to completing a structured forensic report",Program,Netral,0.0,Cybersecurity
"\n\nEach weekly task strengthened my skills in using forensic tools, understanding investigation workflows, and solving real-case simulations",Skill,Netral,0.0,Cybersecurity
"The final project was the highlight, where my team and I completed a full digital investigation case, and it really tied everything together",Project,Netral,0.0,Cybersecurity
\n\nI’m grateful for the supportive mentors and the hands-on learning environment at VINIX7,Mentor,Positif,8.0,Cybersecurity
\n\nI’m grateful for the supportive mentors and the hands-on learning environment at VINIX7,Project,Positif,8.0,Cybersecurity
This experience has strengthened my foundation in Digital Forensics and has become an important milestone in my learning journey,Umum,Netral,0.0,Cybersecurity
"Sebagai peserta magang di divisi Brand Design dan Marketing VINIX selama beberapa bulan terakhir, pengalaman ini benar-benar membuka mata saya tentang bagaimana sebuah brand lokal bisa tampil kuat dan konsisten",Umum,Netral,1.0,Brand & Marketing
\n\nYang paling saya apresiasi adalah ruang untuk berkontribusi nyata,Umum,Netral,0.0,Brand & Marketing
"Tidak hanya mengerjakan tugas operasional, saya dilibatkan dalam diskusi kreatif awal untuk kampanye sosial media hingga assist dalam penyusunan moodboard visual",Project,Netral,0.0,Brand & Marketing
"Senior tim sangat terbuka dengan ide-ide segar, asalkan kita bisa memberikan alasan strategis di baliknya",Umum,Netral,0.0,Brand & Marketing
"Saya belajar bahwa setiap warna, font, bahkan caption di postingan media sosial, adalah keputusan desain yang harus selaras dengan identitas VINIX",Umum,Netral,0.0,Brand & Marketing
\n\nLingkungan kerjanya dinamis dan kolaboratif,Karier,Netral,0.0,Brand & Marketing
Sering kali ada meeting cepat antara tim design dan marketing untuk menyelaraskan visual dengan pesan kampanye,Umum,Netral,0.0,Brand & Marketing
"Terkadang challenging, karena harus menyeimbangkan kreativitas dengan target bisnis, tapi justru di situlah ilmunya",Umum,Netral,0.0,Brand & Marketing
"Saya juga merasakan bagaimana brand ini sangat memperhatikan detail dan konsistensi, baik di produk fisik maupun di dunia digital",Umum,Positif,3.0,Brand & Marketing
"\n\nUntuk yang ingin magang di sini, saran saya: datang dengan rasa ingin tahu yang besar, jangan ragu bertanya, dan siapkan mental untuk revision (bagian dari proses belajar",Umum,Netral,0.0,Brand & Marketing
"Bawa perspektifmu, tetapi juga mau memahami DNA brand yang sudah dibangun",Umum,Netral,0.0,Brand & Marketing
\n\nTerima kasih untuk kesempatan dan pembelajaran yang sangat berharga,Materi,Positif,9.0,Brand & Marketing
Semoga VINIX terus tumbuh dan memberi dampak lebih besar,Umum,Netral,0.0,Brand & Marketing
Mengikuti program Studi Independen di VINIX7 menjadi pengalaman yang sangat berharga,Program,Positif,6.0,Tidak Disebutkan
Pembelajaran yang diberikan benar-benar berbasis project dan sesuai dengan kebutuhan industri digital saat ini,Materi,Netral,0.0,Tidak Disebutkan
Pembelajaran yang diberikan benar-benar berbasis project dan sesuai dengan kebutuhan industri digital saat ini,Project,Netral,0.0,Tidak Disebutkan
Pembelajaran yang diberikan benar-benar berbasis project dan sesuai dengan kebutuhan industri digital saat ini,Karier,Netral,0.0,Tidak Disebutkan
"Materi yang disampaikan mencakup User Research, UI/UX Design Process, Wireframe & Prototyping, hingga pengembangan website secara langsung menggunakan teknologi frontend modern",Materi,Netral,0.0,Tidak Disebutkan
"\n\nPara mentor sangat supportive, komunikatif, dan selalu memberikan feedback yang jelas, sehingga proses belajar terasa terarah dan menyenangkan",Mentor,Positif,7.0,Tidak Disebutkan
Lingkungan belajar yang kolaboratif dan positif membuat saya semakin termotivasi untuk mengembangkan kemampuan di bidang Web Development & UI/UX,Skill,Positif,2.0,Tidak Disebutkan
\n\nProgram ini sangat rekomended untuk mahasiswa yang ingin membangun portofolio profesional dan mendapatkan pengalaman nyata di dunia industri teknologi,Project,Positif,8.0,Tidak Disebutkan
\n\nProgram ini sangat rekomended untuk mahasiswa yang ingin membangun portofolio profesional dan mendapatkan pengalaman nyata di dunia industri teknologi,Karier,Positif,8.0,Tidak Disebutkan
\n\nProgram ini sangat rekomended untuk mahasiswa yang ingin membangun portofolio profesional dan mendapatkan pengalaman nyata di dunia industri teknologi,Program,Positif,8.0,Tidak Disebutkan
\nTerima kasih VINIX7,Umum,Positif,2.0,Tidak Disebutkan
Saya baru saja menyelesaikan program Studi Independen Divisi Junior Data Science periode 28 Agustus – 28 Desember 2025,Program,Netral,0.0,Data Science & ML
"Selama mengikuti program ini, saya memperoleh banyak pengalaman dan pemahaman baru terkait dunia data, mulai dari dasar hingga penerapannya dalam analisis yang lebih mendalam",Program,Positif,3.0,Data Science & ML
"\nDalam program ini, saya mempelajari:\n🔹 Dasar-dasar Data Science – memahami konsep dataset, database, Big Data, SQL & NoSQL, serta alur lengkap data science life cycle",Program,Netral,0.0,Data Science & ML
"\n🔹 Data Collection & Data Cleaning – merancang survei, mengumpulkan data primer dan sekunder, mengidentifikasi missing values dan outliers, melakukan data wrangling, serta memanfaatkan teknik pivot dan lookup untuk menyiapkan data agar siap dianalisis",Umum,Netral,0.0,Data Science & ML
"\n🔹 Exploratory Data Analysis (EDA) – melakukan analisis statistik deskriptif, menemukan pola, memahami distribusi dan korelasi data, serta mendeteksi anomali",Umum,Netral,0.0,Data Science & ML
"Saya juga belajar membuat visualisasi yang efektif menggunakan Google Data Studio, Tableau, dan tools lainnya",Umum,Positif,3.0,Data Science & ML
"\n🔹 Analisis Statistik – memahami konsep uji hipotesis, regresi, serta cara membaca output statistik untuk mendukung proses data-driven decision making",Umum,Netral,0.0,Data Science & ML
\n🔹 Business Intelligence – membangun dashboard interaktif dan menghubungkan data dari berbagai sumber untuk menghasilkan insight yang relevan,Umum,Positif,8.0,Data Science & ML
\n🔹 Pengenalan Artificial Intelligence – memahami bagaimana AI berperan dalam membantu proses pengolahan data dan mendukung efisiensi analisis,Umum,Positif,4.0,Data Science & ML
\nProgram ini menjadi perjalanan yang sangat berharga bagi saya untuk memperkuat dasar pengetahuan dan keterampilan teknis di bidang data,Skill,Positif,5.0,Data Science & ML
\nProgram ini menjadi perjalanan yang sangat berharga bagi saya untuk memperkuat dasar pengetahuan dan keterampilan teknis di bidang data,Program,Positif,5.0,Data Science & ML
Terima kasih kepada mentor dan seluruh tim yang telah membimbing selama proses pembelajaran ini,Mentor,Positif,2.0,Data Science & ML
Terima kasih kepada mentor dan seluruh tim yang telah membimbing selama proses pembelajaran ini,Materi,Positif,2.0,Data Science & ML
"Aku ikut Studi Independen di VINIX7 Divisi Data Science, dan pengalamannya benar-benar berkesan",Umum,Positif,4.0,Data Science & ML
"Materinya lengkap, terstruktur, dan disampaikan dengan cara yang mudah dipahami bahkan untuk pemula",Materi,Positif,4.0,Data Science & ML
"Materinya lengkap, terstruktur, dan disampaikan dengan cara yang mudah dipahami bahkan untuk pemula",Program,Positif,4.0,Data Science & ML
"Setiap modul memberikan insight baru, mulai dari data acquisition, EDA, statistik, machine learning dasar, sampai data storytelling dan pembuatan dashboard",Materi,Netral,0.0,Data Science & ML
\n\nMentornya sangat kompeten dan komunikatif,Mentor,Positif,7.0,Data Science & ML
"Penjelasannya jelas, sabar, dan selalu memberi contoh yang relevan",Umum,Positif,3.0,Data Science & ML
Tim penyelenggaranya juga responsif dan mendukung selama program berlangsung,Program,Positif,4.0,Data Science & ML
"\n\nAku merasa berkembang pesat, baik dalam pemahaman data maupun dalam kemampuan praktik seperti coding, analisis, dan visualisasi",Project,Positif,6.0,Data Science & ML
"\n\nAku merasa berkembang pesat, baik dalam pemahaman data maupun dalam kemampuan praktik seperti coding, analisis, dan visualisasi",Skill,Positif,6.0,Data Science & ML
Tugas berbasis proyek juga sangat membantu membangun portofolio nyata,Project,Positif,7.0,Data Science & ML
\n\nTerima kasih VINIX7 untuk pengalaman belajar yang berkualitas dan lingkungan yang suportif,Umum,Positif,11.0,Data Science & ML
Sangat worth it dan aku sangat merekomendasikannya,Umum,Positif,4.0,Data Science & ML
Mengikuti program di VINIX7 sebagai peserta divisi *Junior Web Dev & UI/UX* merupakan pengalaman belajar yang sangat berharga,Program,Positif,6.0,Web Dev & UI/UX
"Materi yang diberikan selalu up-to-date dan relevan dengan kebutuhan industri, mulai dari dasar-dasar UI/UX, user research, pembuatan user persona, user flow, wireframe, hingga desain dan prototyping dengan Figma",Materi,Positif,3.0,Web Dev & UI/UX
"Materi yang diberikan selalu up-to-date dan relevan dengan kebutuhan industri, mulai dari dasar-dasar UI/UX, user research, pembuatan user persona, user flow, wireframe, hingga desain dan prototyping dengan Figma",Karier,Positif,3.0,Web Dev & UI/UX
"Saya juga belajar membuat website menggunakan HTML, CSS, JavaScript, dan Webflow, yang sangat membantu dalam memahami alur pembuatan produk digital secara utuh",Program,Positif,5.0,Web Dev & UI/UX
"\n\nMentor dan pembimbingnya sangat suportif, menjelaskan materi dengan jelas, serta terbuka terhadap pertanyaan peserta",Mentor,Netral,0.0,Web Dev & UI/UX
"\n\nMentor dan pembimbingnya sangat suportif, menjelaskan materi dengan jelas, serta terbuka terhadap pertanyaan peserta",Materi,Netral,0.0,Web Dev & UI/UX
"Suasana pembelajarannya juga nyaman karena tersedia rekaman setiap sesi, sehingga memudahkan untuk mengulang materi kapan pun dibutuhkan",Materi,Netral,0.0,Web Dev & UI/UX
"Selain hardskill, saya juga mendapatkan banyak pengembangan softskill lewat webinar dan diskusi kelompok",Skill,Netral,0.0,Web Dev & UI/UX
\n\nProgram ini sangat bermanfaat bagi siapa pun yang ingin memperdalam UI/UX dan web development from scratch,Program,Positif,5.0,Web Dev & UI/UX
Sangat direkomendasikan bagi mahasiswa maupun pemula yang ingin membangun portofolio dan menambah pengalaman industri,Project,Positif,3.0,Web Dev & UI/UX
Sangat direkomendasikan bagi mahasiswa maupun pemula yang ingin membangun portofolio dan menambah pengalaman industri,Karier,Positif,3.0,Web Dev & UI/UX
Pengalaman saya mengikuti VINIX7 Batch 3 pada Divisi Financial Market Analyst memberikan pembelajaran yang sangat berkesan,Materi,Positif,6.0,Financial & Banking
"Programnya tersusun dengan baik, materi disampaikan secara jelas, dan mentor selalu memberikan arahan yang suportif serta mudah dipahami",Mentor,Positif,8.0,Financial & Banking
"Programnya tersusun dengan baik, materi disampaikan secara jelas, dan mentor selalu memberikan arahan yang suportif serta mudah dipahami",Materi,Positif,8.0,Financial & Banking
"Programnya tersusun dengan baik, materi disampaikan secara jelas, dan mentor selalu memberikan arahan yang suportif serta mudah dipahami",Program,Positif,8.0,Financial & Banking
"Dari awal hingga akhir, saya mendapatkan wawasan baru mengenai analisis pasar keuangan, mulai dari pengenalan instrumen hingga teknik analisis yang lebih mendalam",Umum,Positif,4.0,Financial & Banking
"\nSetiap sesi dirancang untuk aplikatif, sehingga saya tidak hanya memahami konsep, tetapi juga mampu menerapkannya melalui praktik langsung",Project,Netral,0.0,Financial & Banking
Penyusunan portofolio dan proyek akhir menjadi pengalaman yang membuka sudut pandang baru tentang bagaimana seorang financial market analyst bekerja secara profesional,Project,Positif,4.0,Financial & Banking
Penyusunan portofolio dan proyek akhir menjadi pengalaman yang membuka sudut pandang baru tentang bagaimana seorang financial market analyst bekerja secara profesional,Karier,Positif,4.0,Financial & Banking
"\nMelalui program ini, saya merasa keterampilan saya berkembang pesat dan kepercayaan diri saya meningkat dalam menganalisis pasar",Skill,Positif,6.0,Financial & Banking
"\nMelalui program ini, saya merasa keterampilan saya berkembang pesat dan kepercayaan diri saya meningkat dalam menganalisis pasar",Program,Positif,6.0,Financial & Banking
"\nTerima kasih VINIX7, sebuah pengalaman belajar yang benar-benar berharga",Umum,Positif,7.0,Financial & Banking
Mengikuti program di VINIX7 sebagai Junior Web Developer & UI/UX Designer benar-benar jadi pengalaman yang sangat berharga,Program,Positif,6.0,Web Dev & UI/UX
"Materinya disusun rapi, terstruktur, dan mudah diikuti bahkan untuk peserta yang masih pemula di dunia pengembangan web",Materi,Positif,4.0,Web Dev & UI/UX
"Materinya disusun rapi, terstruktur, dan mudah diikuti bahkan untuk peserta yang masih pemula di dunia pengembangan web",Program,Positif,4.0,Web Dev & UI/UX
"\n\nPembelajaran berbasis proyek jadi nilai plus terbesar, karena aku bisa langsung mempraktikkan pembuatan interface, memahami prinsip UI/UX, serta mengembangkan fitur-fitur website seperti login, register, hingga dashboard secara nyata",Materi,Positif,2.0,Web Dev & UI/UX
"\n\nPembelajaran berbasis proyek jadi nilai plus terbesar, karena aku bisa langsung mempraktikkan pembuatan interface, memahami prinsip UI/UX, serta mengembangkan fitur-fitur website seperti login, register, hingga dashboard secara nyata",Project,Positif,2.0,Web Dev & UI/UX
"Mentor-mentornya juga ramah, responsif, dan selalu memberikan arahan yang jelas setiap sesi",Mentor,Positif,3.0,Web Dev & UI/UX
"\n\nYang paling aku suka, setiap tugas selalu terkait dengan kebutuhan industri, sehingga aku lebih paham bagaimana membangun website yang tidak hanya berfungsi, tetapi juga memiliki pengalaman pengguna yang baik",Project,Positif,6.0,Web Dev & UI/UX
"\n\nYang paling aku suka, setiap tugas selalu terkait dengan kebutuhan industri, sehingga aku lebih paham bagaimana membangun website yang tidak hanya berfungsi, tetapi juga memiliki pengalaman pengguna yang baik",Karier,Positif,6.0,Web Dev & UI/UX
\n\nTerima kasih VINIX7,Umum,Positif,2.0,Web Dev & UI/UX
"Program ini benar-benar membantu aku berkembang, meningkatkan skill coding & desain, dan tentu saja menambah portofolio profesional",Project,Positif,9.0,Web Dev & UI/UX
"Program ini benar-benar membantu aku berkembang, meningkatkan skill coding & desain, dan tentu saja menambah portofolio profesional",Skill,Positif,9.0,Web Dev & UI/UX
"Program ini benar-benar membantu aku berkembang, meningkatkan skill coding & desain, dan tentu saja menambah portofolio profesional",Karier,Positif,9.0,Web Dev & UI/UX
"Program ini benar-benar membantu aku berkembang, meningkatkan skill coding & desain, dan tentu saja menambah portofolio profesional",Program,Positif,9.0,Web Dev & UI/UX
Ikut program Magang Mandiri Batch 3 di VINIX7 divisi Web Development & UI/UX ini beneran jadi salah satu keputusan terbaik selama masa kuliah,Program,Positif,4.0,Web Dev & UI/UX
"Awalnya sempat mikir kalau magang online bakal ngebosenin, tapi ternyata materinya padat, jelas, dan langsung to the point ke hal-hal yang benar-benar dibutuhin dalam dunia website dan desain antarmuka",Materi,Netral,0.0,Web Dev & UI/UX
"\nSelama magang, aku belajar banyak mulai dari dasar pembuatan website, alur kerja pengembangan, sampai praktik membuat tampilan UI/UX yang baik dan user-friendly",Project,Positif,7.0,Web Dev & UI/UX
"\nSelama magang, aku belajar banyak mulai dari dasar pembuatan website, alur kerja pengembangan, sampai praktik membuat tampilan UI/UX yang baik dan user-friendly",Karier,Positif,7.0,Web Dev & UI/UX
"\nSelama magang, aku belajar banyak mulai dari dasar pembuatan website, alur kerja pengembangan, sampai praktik membuat tampilan UI/UX yang baik dan user-friendly",Program,Positif,7.0,Web Dev & UI/UX
"Yang paling aku suka, setiap materi bisa langsung dipraktikkan sehingga progress-nya kerasa banget",Materi,Netral,0.0,Web Dev & UI/UX
"Yang paling aku suka, setiap materi bisa langsung dipraktikkan sehingga progress-nya kerasa banget",Project,Netral,0.0,Web Dev & UI/UX
Pembimbingnya juga responsif dan bantu menjelaskan kalau ada bagian yang masih bingung,Mentor,Positif,4.0,Web Dev & UI/UX
"\nBuat yang pengen serius masuk dunia Web Dev atau UI/UX, program ini wajib banget dicoba",Program,Netral,0.0,Web Dev & UI/UX
"Ilmunya dapet, portofolio nyata bisa dibawa, dan networking-nya juga oke",Project,Positif,3.0,Web Dev & UI/UX
\nThank u VINIX7 atas kesempatan emasnya,Umum,Positif,2.0,Web Dev & UI/UX
Pengalaman magang saya di Vinix sungguh luar biasa dan sangat layak mendapat 5 bintang,Umum,Positif,6.0,Tidak Disebutkan
Manfaat dan pelajaran yang saya peroleh selama di sini sangat signifikan,Umum,Netral,0.0,Tidak Disebutkan
Hal yang paling berharga dari program ini adalah kesempatan untuk mengaplikasikan ilmu secara langsung pada tantangan bisnis yang nyata,Program,Positif,8.0,Tidak Disebutkan
"Saya tidak hanya melakukan tugas-tugas dasar, tetapi benar-benar terlibat dalam proyek inti yang relevan",Project,Positif,3.0,Tidak Disebutkan
"Vinix memberikan pelajaran praktis yang tidak saya dapatkan di bangku kuliah, terutama mengenai pentingnya manajemen waktu yang efektif, komunikasi profesional lintas tim, dan cara memecahkan masalah kompleks dengan mindset yang strategis",Karier,Positif,3.0,Tidak Disebutkan
"Vinix memberikan pelajaran praktis yang tidak saya dapatkan di bangku kuliah, terutama mengenai pentingnya manajemen waktu yang efektif, komunikasi profesional lintas tim, dan cara memecahkan masalah kompleks dengan mindset yang strategis",Program,Positif,3.0,Tidak Disebutkan
"Dukungan dari para mentor juga patut diacungi jempol"";"" mereka sangat suportif dan berkomitmen pada pengembangan peserta magang",Mentor,Positif,4.0,Tidak Disebutkan
Mereka mengajarkan standar industri yang tinggi dan selalu memberikan feedback yang detail dan membangun,Karier,Positif,2.0,Tidak Disebutkan
Saya sangat merekomendasikan program ini bagi siapa pun yang serius ingin tumbuh dan menguasai skill yang dibutuhkan di dunia kerja,Skill,Positif,4.0,Tidak Disebutkan
Saya sangat merekomendasikan program ini bagi siapa pun yang serius ingin tumbuh dan menguasai skill yang dibutuhkan di dunia kerja,Karier,Positif,4.0,Tidak Disebutkan
Saya sangat merekomendasikan program ini bagi siapa pun yang serius ingin tumbuh dan menguasai skill yang dibutuhkan di dunia kerja,Program,Positif,4.0,Tidak Disebutkan
"Terima kasih banyak, Vinix",Umum,Positif,2.0,Tidak Disebutkan
Pengalaman mengikuti program MSIB di PT Vinix Seven Aurum (VINIX7) sangat berkesan dan bermanfaat,Program,Positif,10.0,Tidak Disebutkan
"Lingkungan kerjanya suportif, mentor responsif, dan materinya relevan dengan kebutuhan industri saat ini",Mentor,Positif,3.0,Tidak Disebutkan
"Lingkungan kerjanya suportif, mentor responsif, dan materinya relevan dengan kebutuhan industri saat ini",Materi,Positif,3.0,Tidak Disebutkan
"Lingkungan kerjanya suportif, mentor responsif, dan materinya relevan dengan kebutuhan industri saat ini",Karier,Positif,3.0,Tidak Disebutkan
Saya mendapatkan kesempatan mengerjakan real project sehingga bisa langsung menerapkan teori ke praktik,Project,Positif,2.0,Tidak Disebutkan
"Program ini sangat membantu meningkatkan skill, mindset profesional, dan kesiapan menghadapi dunia kerja",Skill,Positif,7.0,Tidak Disebutkan
"Program ini sangat membantu meningkatkan skill, mindset profesional, dan kesiapan menghadapi dunia kerja",Karier,Positif,7.0,Tidak Disebutkan
"Program ini sangat membantu meningkatkan skill, mindset profesional, dan kesiapan menghadapi dunia kerja",Program,Positif,7.0,Tidak Disebutkan
Sangat direkomendasikan untuk mahasiswa yang ingin berkembang,Umum,Positif,3.0,Tidak Disebutkan
Program Studi Independen di Vinix merupakan pengalaman pembelajaran yang sangat berkesan dan bernilai bagi saya,Materi,Positif,6.0,Tidak Disebutkan
Program Studi Independen di Vinix merupakan pengalaman pembelajaran yang sangat berkesan dan bernilai bagi saya,Program,Positif,6.0,Tidak Disebutkan
"Materi yang disampaikan terstruktur, relevan dengan kebutuhan industri, serta disertai contoh kasus yang membantu memahami praktik nyata di bidang manajemen SDM",Materi,Positif,11.0,Tidak Disebutkan
"Materi yang disampaikan terstruktur, relevan dengan kebutuhan industri, serta disertai contoh kasus yang membantu memahami praktik nyata di bidang manajemen SDM",Project,Positif,11.0,Tidak Disebutkan
"Materi yang disampaikan terstruktur, relevan dengan kebutuhan industri, serta disertai contoh kasus yang membantu memahami praktik nyata di bidang manajemen SDM",Karier,Positif,11.0,Tidak Disebutkan
"Materi yang disampaikan terstruktur, relevan dengan kebutuhan industri, serta disertai contoh kasus yang membantu memahami praktik nyata di bidang manajemen SDM",Program,Positif,11.0,Tidak Disebutkan
"Pendekatan berbasis proyek juga memungkinkan peserta untuk mengasah kemampuan analisis, perencanaan, dan pemecahan masalah secara langsung",Project,Netral,0.0,Tidak Disebutkan
"Pendekatan berbasis proyek juga memungkinkan peserta untuk mengasah kemampuan analisis, perencanaan, dan pemecahan masalah secara langsung",Skill,Netral,0.0,Tidak Disebutkan
"✨\n\nSelain itu, dukungan mentor yang responsif dan profesional membuat proses pembelajaran berjalan efektif serta mudah diikuti",Mentor,Positif,14.0,Tidak Disebutkan
"✨\n\nSelain itu, dukungan mentor yang responsif dan profesional membuat proses pembelajaran berjalan efektif serta mudah diikuti",Materi,Positif,14.0,Tidak Disebutkan
"✨\n\nSelain itu, dukungan mentor yang responsif dan profesional membuat proses pembelajaran berjalan efektif serta mudah diikuti",Karier,Positif,14.0,Tidak Disebutkan
Lingkungan belajar yang suportif memberikan ruang bagi peserta untuk berkembang dan meningkatkan kompetensi secara signifikan,Skill,Positif,9.0,Tidak Disebutkan
Program ini sangat layak direkomendasikan bagi siapa pun yang ingin memperdalam pengetahuan dan keterampilan di bidang HR,Skill,Netral,0.0,Tidak Disebutkan
Program ini sangat layak direkomendasikan bagi siapa pun yang ingin memperdalam pengetahuan dan keterampilan di bidang HR,Program,Netral,0.0,Tidak Disebutkan
Mengikuti Program Studi Independen di Vinix Seven Aurum menjadi pengalaman berharga dalam membentuk kompetensi saya sebagai SDM manajemen yang adaptif dan siap menghadapi tantangan dunia kerja,Skill,Positif,5.0,Tidak Disebutkan
Mengikuti Program Studi Independen di Vinix Seven Aurum menjadi pengalaman berharga dalam membentuk kompetensi saya sebagai SDM manajemen yang adaptif dan siap menghadapi tantangan dunia kerja,Karier,Positif,5.0,Tidak Disebutkan
Mengikuti Program Studi Independen di Vinix Seven Aurum menjadi pengalaman berharga dalam membentuk kompetensi saya sebagai SDM manajemen yang adaptif dan siap menghadapi tantangan dunia kerja,Program,Positif,5.0,Tidak Disebutkan
"Program ini disusun secara sistematis dengan pendekatan berbasis proyek yang melatih kemampuan perencanaan, pengambilan keputusan, serta penyelesaian masalah secara efektif",Project,Positif,6.0,Tidak Disebutkan
"Program ini disusun secara sistematis dengan pendekatan berbasis proyek yang melatih kemampuan perencanaan, pengambilan keputusan, serta penyelesaian masalah secara efektif",Skill,Positif,6.0,Tidak Disebutkan
"Program ini disusun secara sistematis dengan pendekatan berbasis proyek yang melatih kemampuan perencanaan, pengambilan keputusan, serta penyelesaian masalah secara efektif",Program,Positif,6.0,Tidak Disebutkan
"Dukungan mentor yang komunikatif dan profesional membantu saya memahami pentingnya kepemimpinan, koordinasi tim, serta komunikasi yang jelas dalam mencapai tujuan bersama",Mentor,Positif,13.0,Tidak Disebutkan
"Dukungan mentor yang komunikatif dan profesional membantu saya memahami pentingnya kepemimpinan, koordinasi tim, serta komunikasi yang jelas dalam mencapai tujuan bersama",Karier,Positif,13.0,Tidak Disebutkan
"Dukungan mentor yang komunikatif dan profesional membantu saya memahami pentingnya kepemimpinan, koordinasi tim, serta komunikasi yang jelas dalam mencapai tujuan bersama",Program,Positif,13.0,Tidak Disebutkan
"Lingkungan belajar yang kolaboratif juga mendorong pengembangan kemampuan kerja sama, manajemen waktu, dan tanggung jawab individu",Skill,Netral,0.0,Tidak Disebutkan
"Lingkungan belajar yang kolaboratif juga mendorong pengembangan kemampuan kerja sama, manajemen waktu, dan tanggung jawab individu",Karier,Netral,0.0,Tidak Disebutkan
"Lingkungan belajar yang kolaboratif juga mendorong pengembangan kemampuan kerja sama, manajemen waktu, dan tanggung jawab individu",Program,Netral,0.0,Tidak Disebutkan
"Melalui program ini, saya tidak hanya memperoleh wawasan praktis mengenai manajemen sumber daya manusia, tetapi juga mengasah sikap profesional, berpikir kritis, dan etos kerja yang menjadi bekal penting sebagai SDM manajemen yang kompeten",Karier,Positif,6.0,Tidak Disebutkan
"Melalui program ini, saya tidak hanya memperoleh wawasan praktis mengenai manajemen sumber daya manusia, tetapi juga mengasah sikap profesional, berpikir kritis, dan etos kerja yang menjadi bekal penting sebagai SDM manajemen yang kompeten",Program,Positif,6.0,Tidak Disebutkan
Saya sangat bersyukur bisa mendapatkan kesempatan bergabung menjadi keluarga besar VINIX7,Umum,Positif,6.0,Tidak Disebutkan
"Pengalaman selama kurang lebih 4 mengikuti program magang di VINIX7 Batch 3, saya banyak mendapatkan ilmu dan wawasan baru yang bermanfaat",Program,Positif,7.0,Tidak Disebutkan
Materinya disusun rapi dan mudah untuk mengerti bagi saya yang masih awam akan dunia Web Dev & UI/UX,Materi,Positif,2.0,Tidak Disebutkan
"\nSelain itu, semua mentornya juga sangat ramah, responsif, dan selalu memberi arahan yang jelas setiap sesi",Mentor,Positif,3.0,Tidak Disebutkan
Dan hal yang paling saya suka adalah pembelajarannya berbasis proyek yang disusun dari studi case yang ditemukan di dunia industri,Materi,Positif,3.0,Tidak Disebutkan
Dan hal yang paling saya suka adalah pembelajarannya berbasis proyek yang disusun dari studi case yang ditemukan di dunia industri,Project,Positif,3.0,Tidak Disebutkan
Dan hal yang paling saya suka adalah pembelajarannya berbasis proyek yang disusun dari studi case yang ditemukan di dunia industri,Karier,Positif,3.0,Tidak Disebutkan
Hal tersebut membuat saya jadi paham bagaimana cara membuat sebuah produk digital dari awal hingga produk jadi,Umum,Netral,0.0,Tidak Disebutkan
\nSaya mengucapkan terima kasih banyak kepada pihak VINIX7 atas semua ilmu dan pengalamannya,Umum,Positif,4.0,Tidak Disebutkan
Sukses selalu VINIX7,Umum,Netral,0.0,Tidak Disebutkan
"Secara keseluruhan, program MSIB di VINIX7 memberikan pengalaman belajar yang baik, terutama dalam pengembangan keterampilan desain dan web",Skill,Netral,1.0,Tidak Disebutkan
"Secara keseluruhan, program MSIB di VINIX7 memberikan pengalaman belajar yang baik, terutama dalam pengembangan keterampilan desain dan web",Program,Netral,1.0,Tidak Disebutkan
Materi yang dibawakan cukup relevan dengan kebutuhan industri dan proyek yang diberikan membantu saya memahami alur kerja nyata,Materi,Positif,7.0,Tidak Disebutkan
Materi yang dibawakan cukup relevan dengan kebutuhan industri dan proyek yang diberikan membantu saya memahami alur kerja nyata,Project,Positif,7.0,Tidak Disebutkan
Materi yang dibawakan cukup relevan dengan kebutuhan industri dan proyek yang diberikan membantu saya memahami alur kerja nyata,Karier,Positif,7.0,Tidak Disebutkan
Materi yang dibawakan cukup relevan dengan kebutuhan industri dan proyek yang diberikan membantu saya memahami alur kerja nyata,Program,Positif,7.0,Tidak Disebutkan
"\n\nNamun, ada satu aspek yang menurut saya perlu ditingkatkan: konsistensi komunikasi dan koordinasi dari pihak penanggung jawab",Program,Negatif,-2.0,Tidak Disebutkan
"Beberapa keputusan sering berbeda antar koordinator, sehingga peserta harus menyesuaikan ulang dan itu berdampak pada efisiensi proses belajar",Mentor,Netral,0.0,Tidak Disebutkan
"Poin ini bukan hal besar, tetapi cukup terasa jika ingin menjaga profesionalitas dan alur program tetap jelas",Karier,Positif,3.0,Tidak Disebutkan
"Poin ini bukan hal besar, tetapi cukup terasa jika ingin menjaga profesionalitas dan alur program tetap jelas",Program,Positif,3.0,Tidak Disebutkan
"\n\nMeski begitu, program ini tetap memberi saya fondasi kuat dalam UI/UX Design, Graphic Design, dan Web Development",Program,Netral,0.0,Tidak Disebutkan
"Dengan peningkatan kecil pada aspek koordinasi, pengalaman peserta bisa jauh lebih optimal",Program,Netral,1.0,Tidak Disebutkan
My experience with this partner during the Independent Study program was highly positive,Program,Netral,0.0,Tidak Disebutkan
"The learning materials were well-structured, the mentors were responsive, and the overall guidance was clear and organized",Mentor,Netral,0.0,Tidak Disebutkan
"The learning materials were well-structured, the mentors were responsive, and the overall guidance was clear and organized",Materi,Netral,0.0,Tidak Disebutkan
I gained valuable practical insights through the projects and collaborative sessions,Project,Positif,4.0,Tidak Disebutkan
This program significantly supported my skill development and provided exposure to real industry practices,Skill,Netral,0.0,Tidak Disebutkan
This program significantly supported my skill development and provided exposure to real industry practices,Program,Netral,0.0,Tidak Disebutkan
I highly recommend this partner to students seeking a professional and impactful learning experience,Umum,Positif,4.0,Tidak Disebutkan
pengalaman saya secara pribadi saat mengikuti program MSIB di Vinix7 batch 3 adalah pengalaman yang sangat positif dan membangun,Program,Positif,4.0,Tidak Disebutkan
Saya merasa bersyukur bisa belajar di bawah bimbingan mentor yang profesional dan suportif,Mentor,Positif,14.0,Tidak Disebutkan
Saya merasa bersyukur bisa belajar di bawah bimbingan mentor yang profesional dan suportif,Karier,Positif,14.0,Tidak Disebutkan
"Mereka tidak hanya membagikan pengetahuan teknis, tetapi juga memberikan motivasi dan bimbingan yang saya butuhkan untuk tumbuh dalam profesi ini",Skill,Positif,6.0,Tidak Disebutkan
\n\nKesan saya terhadap suasana kerja di Vinix7 sangat menyenangkan,Karier,Positif,4.0,Tidak Disebutkan
"Tim di sini bekerja dengan semangat kolaboratif, di mana setiap anggota dihargai pendapatnya",Karier,Netral,0.0,Tidak Disebutkan
Lingkungan yang dinamis dan inovatif ini memberikan dorongan untuk berpikir kreatif dan berinovasi dalam setiap proyek yang dikerjakan,Project,Positif,3.0,Tidak Disebutkan
Lingkungan yang dinamis dan inovatif ini memberikan dorongan untuk berpikir kreatif dan berinovasi dalam setiap proyek yang dikerjakan,Karier,Positif,3.0,Tidak Disebutkan
Kesempatan untuk berdiskusi dan bertukar ide dengan rekan-rekan di divisi ini juga menambah wawasan dan membangun relasi yang baik,Umum,Positif,9.0,Tidak Disebutkan
"Kegiatan sehari-hari di divisi ini mencakup pertemuan mingguan dengan tim untuk merencanakan strategi pemasaran, mendiskusikan ide-ide kreatif untuk konten, dan mengevaluasi kinerja kampanye yang sedang berjalan",Materi,Netral,0.0,Tidak Disebutkan
"Saya juga terlibat dalam proses brainstorming, di mana setiap anggota tim dapat memberikan pandangan dan saran yang berkontribusi pada pengembangan proyek",Project,Netral,0.0,Tidak Disebutkan
"Selain itu, saya berpartisipasi dalam pengumpulan serta analisis data hasil riset pasar yang menjadi dasar dalam merumuskan strategi pemasaran",Umum,Netral,0.0,Tidak Disebutkan
Saya mengikuti program Studi Independen di VINIX7 dan mendapatkan pengalaman belajar yang sangat bermanfaat,Program,Positif,6.0,Tidak Disebutkan
"Materinya relevan dengan kebutuhan industri, mentor suportif, dan tugas-tugasnya aplikatif sehingga benar-benar meningkatkan kemampuan saya dalam manajemen proyek",Mentor,Positif,8.0,Tidak Disebutkan
"Materinya relevan dengan kebutuhan industri, mentor suportif, dan tugas-tugasnya aplikatif sehingga benar-benar meningkatkan kemampuan saya dalam manajemen proyek",Materi,Positif,8.0,Tidak Disebutkan
"Materinya relevan dengan kebutuhan industri, mentor suportif, dan tugas-tugasnya aplikatif sehingga benar-benar meningkatkan kemampuan saya dalam manajemen proyek",Project,Positif,8.0,Tidak Disebutkan
"Materinya relevan dengan kebutuhan industri, mentor suportif, dan tugas-tugasnya aplikatif sehingga benar-benar meningkatkan kemampuan saya dalam manajemen proyek",Skill,Positif,8.0,Tidak Disebutkan
"Materinya relevan dengan kebutuhan industri, mentor suportif, dan tugas-tugasnya aplikatif sehingga benar-benar meningkatkan kemampuan saya dalam manajemen proyek",Karier,Positif,8.0,Tidak Disebutkan
"Materinya relevan dengan kebutuhan industri, mentor suportif, dan tugas-tugasnya aplikatif sehingga benar-benar meningkatkan kemampuan saya dalam manajemen proyek",Program,Positif,8.0,Tidak Disebutkan
Lingkungan belajarnya juga nyaman dan profesional,Karier,Positif,3.0,Tidak Disebutkan
Sangat direkomendasikan bagi mahasiswa yang ingin mengembangkan skill dan menambah pengalaman nyata di dunia digital,Skill,Positif,5.0,Tidak Disebutkan
Saya telah menyelesaikan program Studi Independen di Vinix7 pada divisi Junior Financial Market Analyst,Program,Netral,0.0,Financial & Banking
"Program ini memberikan pengalaman belajar yang sangat berharga, mulai dari pemahaman pasar keuangan, analisis data, hingga penerapan teori secara praktis",Program,Positif,6.0,Financial & Banking
Mentor dan tim Vinix7 sangat suportif dan profesional,Mentor,Positif,7.0,Financial & Banking
Mentor dan tim Vinix7 sangat suportif dan profesional,Karier,Positif,7.0,Financial & Banking
Sangat direkomendasikan bagi mahasiswa yang ingin mengembangkan kompetensi di bidang financial market,Skill,Positif,2.0,Financial & Banking
Pengalaman saya di VINIX7 benar-benar memuaskan,Umum,Positif,5.0,Tidak Disebutkan
"\nProgramnya terstruktur, materinya mudah dipahami, dan mentornya ramah serta responsif",Mentor,Positif,11.0,Tidak Disebutkan
"\nProgramnya terstruktur, materinya mudah dipahami, dan mentornya ramah serta responsif",Materi,Positif,11.0,Tidak Disebutkan
"\nProgramnya terstruktur, materinya mudah dipahami, dan mentornya ramah serta responsif",Program,Positif,11.0,Tidak Disebutkan
"Saya mendapat banyak insight tentang financial market, mulai dari analisis dasar hingga praktik membuat portofolio yang rapi dan profesional",Project,Positif,3.0,Tidak Disebutkan
"Saya mendapat banyak insight tentang financial market, mulai dari analisis dasar hingga praktik membuat portofolio yang rapi dan profesional",Karier,Positif,3.0,Tidak Disebutkan
"\nYang paling saya suka, setiap sesi dibawakan dengan jelas dan aplikatif, jadi bukan cuma teori",Umum,Positif,3.0,Tidak Disebutkan
Proyek akhirnya juga membantu saya memahami cara kerja seorang financial analyst secara nyata,Project,Positif,4.0,Tidak Disebutkan
Proyek akhirnya juga membantu saya memahami cara kerja seorang financial analyst secara nyata,Karier,Positif,4.0,Tidak Disebutkan
\nSaya merasa skill saya meningkat pesat dan semakin percaya diri,Skill,Positif,6.0,Tidak Disebutkan
"\nTerima kasih VINIX7, pengalaman belajar yang sangat berharga",Umum,Positif,8.0,Tidak Disebutkan
Pengalaman saya di VINIX7 sangat memuaskan,Umum,Positif,5.0,Tidak Disebutkan
"Programnya terstruktur, materinya mudah dipahami, walaupun online kelasnya tetap interaktif dan mentornya ramah serta responsif",Mentor,Positif,14.0,Tidak Disebutkan
"Programnya terstruktur, materinya mudah dipahami, walaupun online kelasnya tetap interaktif dan mentornya ramah serta responsif",Materi,Positif,14.0,Tidak Disebutkan
"Programnya terstruktur, materinya mudah dipahami, walaupun online kelasnya tetap interaktif dan mentornya ramah serta responsif",Program,Positif,14.0,Tidak Disebutkan
"Saya mendapat banyak insight tentang financial market, mulai dari analisis dasar hingga praktik membuat portofolio yang rapi dan profesional",Project,Positif,3.0,Tidak Disebutkan
"Saya mendapat banyak insight tentang financial market, mulai dari analisis dasar hingga praktik membuat portofolio yang rapi dan profesional",Karier,Positif,3.0,Tidak Disebutkan
"\nTerima kasih VINIX7, pengalaman belajar yang sangat berharga",Umum,Positif,8.0,Tidak Disebutkan
"Selama mengikuti program Studi Independen di VINIX7, saya merasakan\npengalaman belajar yang sangat mendukung perkembangan kemampuan teknis\nmaupun soft skill",Skill,Netral,0.0,Tidak Disebutkan
"Selama mengikuti program Studi Independen di VINIX7, saya merasakan\npengalaman belajar yang sangat mendukung perkembangan kemampuan teknis\nmaupun soft skill",Program,Netral,0.0,Tidak Disebutkan
Pembelajaran yang disampaikan secara bertahap membuat saya\nlebih mudah memahami alur kerja dalam desain dan pengembangan web,Materi,Positif,2.0,Tidak Disebutkan
Pembelajaran yang disampaikan secara bertahap membuat saya\nlebih mudah memahami alur kerja dalam desain dan pengembangan web,Karier,Positif,2.0,Tidak Disebutkan
Pembelajaran yang disampaikan secara bertahap membuat saya\nlebih mudah memahami alur kerja dalam desain dan pengembangan web,Program,Positif,2.0,Tidak Disebutkan
"Mentor\nmemberikan pendampingan yang jelas, sistematis, dan responsif terhadap setiap\npertanyaan, sehingga suasana belajar menjadi interaktif dan tidak menegangkan",Mentor,Positif,7.0,Tidak Disebutkan
"Mentor\nmemberikan pendampingan yang jelas, sistematis, dan responsif terhadap setiap\npertanyaan, sehingga suasana belajar menjadi interaktif dan tidak menegangkan",Program,Positif,7.0,Tidak Disebutkan
"\nSelain itu, pembimbing dari kampus turut memberikan arahan serta memastikan\nperkembangan tugas saya berjalan sesuai ketentuan program",Mentor,Netral,0.0,Tidak Disebutkan
"\nSelain itu, pembimbing dari kampus turut memberikan arahan serta memastikan\nperkembangan tugas saya berjalan sesuai ketentuan program",Project,Netral,0.0,Tidak Disebutkan
"\nSelain itu, pembimbing dari kampus turut memberikan arahan serta memastikan\nperkembangan tugas saya berjalan sesuai ketentuan program",Program,Netral,0.0,Tidak Disebutkan
"Suasana kegiatan\nyang kolaboratif mendorong saya untuk aktif berdiskusi, berbagi ide, dan belajar\ndari pengalaman rekan satu divisi",Umum,Netral,1.0,Tidak Disebutkan
"Secara keseluruhan, program ini memberikan\nkesan positif karena tidak hanya memperkuat pengetahuan teknis, tetapi juga\nmembangun kepercayaan diri, kedisiplinan, dan rasa antusias untuk terus\nberkembang di bidang teknologi digital",Skill,Positif,3.0,Tidak Disebutkan
"Secara keseluruhan, program ini memberikan\nkesan positif karena tidak hanya memperkuat pengetahuan teknis, tetapi juga\nmembangun kepercayaan diri, kedisiplinan, dan rasa antusias untuk terus\nberkembang di bidang teknologi digital",Program,Positif,3.0,Tidak Disebutkan
"Saya mengikuti program magang di VINIX7 sebagai Junior Brand Designer & Marketer, dan pengalaman yang saya dapatkan benar-benar berharga",Program,Positif,5.0,Brand & Marketing
"Materi pembelajaran yang diberikan sangat terstruktur mulai dari branding, market research, strategi pemasaran digital, hingga pembuatan konsep campaign kreatif",Materi,Positif,3.0,Brand & Marketing
"Materi pembelajaran yang diberikan sangat terstruktur mulai dari branding, market research, strategi pemasaran digital, hingga pembuatan konsep campaign kreatif",Program,Positif,3.0,Brand & Marketing
"\n\nMentor-mentornya profesional, komunikatif, dan selalu memberikan feedback yang membangun",Mentor,Positif,4.0,Brand & Marketing
"\n\nMentor-mentornya profesional, komunikatif, dan selalu memberikan feedback yang membangun",Karier,Positif,4.0,Brand & Marketing
"Lingkungan belajarnya sangat nyaman dan mendukung, sehingga saya bisa mengembangkan kemampuan analisis, kreativitas, serta pemahaman mendalam tentang dunia branding dan pemasaran modern",Skill,Positif,4.0,Brand & Marketing
\n\nProgram ini sangat cocok untuk mahasiswa maupun fresh graduate yang ingin mendapatkan pengalaman nyata dan memperkuat skill di bidang brand design & marketing,Skill,Positif,3.0,Brand & Marketing
\n\nProgram ini sangat cocok untuk mahasiswa maupun fresh graduate yang ingin mendapatkan pengalaman nyata dan memperkuat skill di bidang brand design & marketing,Program,Positif,3.0,Brand & Marketing
Saya sangat merekomendasikan VINIX7 sebagai tempat pembelajaran dan pengembangan diri,Materi,Positif,4.0,Brand & Marketing
Mengikuti program VINIX7 Batch 3 menjadi pengalaman yang benar-benar berharga bagi saya,Program,Positif,5.0,Tidak Disebutkan
"Penyampaian materi sangat rapi, terstruktur, dan mudah diikuti, bahkan untuk peserta yang baru mulai belajar data science",Materi,Positif,4.0,Tidak Disebutkan
"Penyampaian materi sangat rapi, terstruktur, dan mudah diikuti, bahkan untuk peserta yang baru mulai belajar data science",Program,Positif,4.0,Tidak Disebutkan
"Para mentor pun sangat suportif, responsif, dan selalu memberikan penjelasan yang jelas setiap sesi berlangsung",Mentor,Positif,3.0,Tidak Disebutkan
"\n\nYang paling saya sukai adalah model pembelajaran berbasis proyek, karena membantu saya memahami bagaimana analisis data dan machine learning diterapkan pada kasus nyata",Materi,Positif,4.0,Tidak Disebutkan
"\n\nYang paling saya sukai adalah model pembelajaran berbasis proyek, karena membantu saya memahami bagaimana analisis data dan machine learning diterapkan pada kasus nyata",Project,Positif,4.0,Tidak Disebutkan
Terima kasih VINIX7 atas pengalaman belajar yang luar biasa,Umum,Positif,8.0,Tidak Disebutkan
Saya mengikuti Program Studi Independen Vinix7 Batch 3 pada divisi Junior Web Developer UI/UX,Program,Netral,0.0,Web Dev & UI/UX
"Selama menjalani program, saya memperoleh pemahaman yang komprehensif mengenai proses pengembangan web serta praktik UI/UX yang sesuai standar industri",Project,Positif,3.0,Web Dev & UI/UX
"Selama menjalani program, saya memperoleh pemahaman yang komprehensif mengenai proses pengembangan web serta praktik UI/UX yang sesuai standar industri",Karier,Positif,3.0,Web Dev & UI/UX
"Selama menjalani program, saya memperoleh pemahaman yang komprehensif mengenai proses pengembangan web serta praktik UI/UX yang sesuai standar industri",Program,Positif,3.0,Web Dev & UI/UX
"Penyampaian materi terstruktur, mentor responsif, dan setiap sesi mendorong peningkatan kemampuan secara bertahap",Mentor,Netral,0.0,Web Dev & UI/UX
"Penyampaian materi terstruktur, mentor responsif, dan setiap sesi mendorong peningkatan kemampuan secara bertahap",Materi,Netral,0.0,Web Dev & UI/UX
"Penyampaian materi terstruktur, mentor responsif, dan setiap sesi mendorong peningkatan kemampuan secara bertahap",Skill,Netral,0.0,Web Dev & UI/UX
"Penyampaian materi terstruktur, mentor responsif, dan setiap sesi mendorong peningkatan kemampuan secara bertahap",Program,Netral,0.0,Web Dev & UI/UX
Program ini memberikan pengalaman belajar yang bernilai dan relevan bagi persiapan karier di bidang teknologi,Karier,Positif,4.0,Web Dev & UI/UX
Program ini memberikan pengalaman belajar yang bernilai dan relevan bagi persiapan karier di bidang teknologi,Program,Positif,4.0,Web Dev & UI/UX
Saya sangat mengapresiasi kualitas pembelajarannya dan merekomendasikan Vinix7 kepada peserta lain yang ingin mengembangkan kompetensi secara profesional,Materi,Positif,9.0,Web Dev & UI/UX
Saya sangat mengapresiasi kualitas pembelajarannya dan merekomendasikan Vinix7 kepada peserta lain yang ingin mengembangkan kompetensi secara profesional,Skill,Positif,9.0,Web Dev & UI/UX
Saya sangat mengapresiasi kualitas pembelajarannya dan merekomendasikan Vinix7 kepada peserta lain yang ingin mengembangkan kompetensi secara profesional,Karier,Positif,9.0,Web Dev & UI/UX
Pengalaman saya mengikuti VINIX7 Batch 3 pada Divisi Brand Designer & Marketer sangat bermanfaat dan mendalam,Umum,Positif,8.0,Brand & Marketing
"Program ini disusun secara sistematis, dimulai dari dasar branding hingga strategi pemasaran digital yang kompleks, dengan materi yang disampaikan secara jelas melalui berbagai metode pembelajaran",Materi,Positif,3.0,Brand & Marketing
"Program ini disusun secara sistematis, dimulai dari dasar branding hingga strategi pemasaran digital yang kompleks, dengan materi yang disampaikan secara jelas melalui berbagai metode pembelajaran",Program,Positif,3.0,Brand & Marketing
"Para mentor yang berpengalaman memberikan bimbingan yang suportif dan berbagi pengalaman nyata, membuat setiap sesi sangat inspiratif",Mentor,Positif,14.0,Brand & Marketing
"\n\nKami mendapatkan pengalaman praktis yang berharga dengan tugas-tugas seperti merancang logo, membuat brand guideline, dan menciptakan konten untuk kampanye pemasaran",Materi,Positif,5.0,Brand & Marketing
"\n\nKami mendapatkan pengalaman praktis yang berharga dengan tugas-tugas seperti merancang logo, membuat brand guideline, dan menciptakan konten untuk kampanye pemasaran",Project,Positif,5.0,Brand & Marketing
"Proyek akhir kami, dengan merancang strategi branding untuk merek fiktif, memperdalam pemahaman saya tentang proses branding yang holistik",Project,Netral,0.0,Brand & Marketing
"Keterampilan desain grafis saya meningkat pesat, ditambah dengan pengetahuan tentang SEO dan analitik pemasaran digital",Skill,Positif,3.0,Brand & Marketing
"\n\nHasilnya, kepercayaan diri saya dalam mengkomunikasikan ide-ide kreatif dan berkolaborasi dalam strategi pemasaran meningkat secara signifikan",Program,Positif,3.0,Brand & Marketing
"Saya berterima kasih kepada VINIX7 atas pengalaman belajar luar biasa ini, yang siap mempersiapkan saya untuk karir di brand design dan marketing",Umum,Positif,10.0,Brand & Marketing
"Selama mengikuti program Studi Independen Mandiri (MSIB) Vinix7, saya mendapatkan pengalaman pembelajaran yang sangat berharga, khususnya dalam memahami penerapan keamanan siber secara praktis",Materi,Positif,6.0,Tidak Disebutkan
"Selama mengikuti program Studi Independen Mandiri (MSIB) Vinix7, saya mendapatkan pengalaman pembelajaran yang sangat berharga, khususnya dalam memahami penerapan keamanan siber secara praktis",Program,Positif,6.0,Tidak Disebutkan
"Program ini membantu saya menghubungkan teori yang diperoleh di bangku perkuliahan dengan praktik nyata melalui penggunaan berbagai tools keamanan, analisis kerentanan, serta pengerjaan final project berbasis studi kasus",Project,Positif,8.0,Tidak Disebutkan
"Program ini membantu saya menghubungkan teori yang diperoleh di bangku perkuliahan dengan praktik nyata melalui penggunaan berbagai tools keamanan, analisis kerentanan, serta pengerjaan final project berbasis studi kasus",Program,Positif,8.0,Tidak Disebutkan
"\n\nSelain peningkatan kemampuan teknis, saya juga merasakan perkembangan pada aspek soft skill seperti disiplin, kerja sama tim, komunikasi, dan manajemen waktu",Skill,Netral,0.0,Tidak Disebutkan
"\n\nSelain peningkatan kemampuan teknis, saya juga merasakan perkembangan pada aspek soft skill seperti disiplin, kerja sama tim, komunikasi, dan manajemen waktu",Karier,Netral,0.0,Tidak Disebutkan
"\n\nSelain peningkatan kemampuan teknis, saya juga merasakan perkembangan pada aspek soft skill seperti disiplin, kerja sama tim, komunikasi, dan manajemen waktu",Program,Netral,0.0,Tidak Disebutkan
"Tantangan yang dihadapi selama proses pembelajaran dan pengerjaan proyek mendorong saya untuk lebih mandiri, adaptif, dan bertanggung jawab terhadap hasil kerja",Materi,Netral,0.0,Tidak Disebutkan
"Tantangan yang dihadapi selama proses pembelajaran dan pengerjaan proyek mendorong saya untuk lebih mandiri, adaptif, dan bertanggung jawab terhadap hasil kerja",Project,Netral,0.0,Tidak Disebutkan
"Tantangan yang dihadapi selama proses pembelajaran dan pengerjaan proyek mendorong saya untuk lebih mandiri, adaptif, dan bertanggung jawab terhadap hasil kerja",Karier,Netral,0.0,Tidak Disebutkan
"Secara keseluruhan, Studi Independen ini memberikan pengalaman yang relevan dan mempersiapkan saya dengan lebih baik untuk menghadapi dunia kerja di bidang teknologi informasi dan keamanan siber",Karier,Positif,9.0,Tidak Disebutkan
Saya mengikuti program di Vinix7 sebagai Junior Data Scientist dan mendapatkan pengalaman belajar yang sangat berharga,Program,Positif,6.0,Data Science & ML
"Materi yang diberikan sangat relevan dengan kebutuhan industri, mulai dari dasar analisis data, visualisasi, hingga penerapan machine learning dalam proyek nyata",Materi,Positif,3.0,Data Science & ML
"Materi yang diberikan sangat relevan dengan kebutuhan industri, mulai dari dasar analisis data, visualisasi, hingga penerapan machine learning dalam proyek nyata",Project,Positif,3.0,Data Science & ML
"Materi yang diberikan sangat relevan dengan kebutuhan industri, mulai dari dasar analisis data, visualisasi, hingga penerapan machine learning dalam proyek nyata",Karier,Positif,3.0,Data Science & ML
"Mentor dan instruktur juga sangat responsif, memberikan arahan yang jelas, serta selalu siap membantu saat menghadapi kendala",Mentor,Positif,2.0,Data Science & ML
"Mentor dan instruktur juga sangat responsif, memberikan arahan yang jelas, serta selalu siap membantu saat menghadapi kendala",Program,Positif,2.0,Data Science & ML
Lingkungan belajarnya mendukung kolaborasi tim sehingga saya bisa mengembangkan kemampuan teknis sekaligus soft skill,Skill,Positif,2.0,Data Science & ML
Program ini benar-benar membantu saya memahami alur kerja data science secara profesional,Karier,Positif,7.0,Data Science & ML
Program ini benar-benar membantu saya memahami alur kerja data science secara profesional,Program,Positif,7.0,Data Science & ML
Sangat direkomendasikan untuk siapa pun yang ingin mengembangkan karier di bidang data,Karier,Positif,2.0,Data Science & ML
Pengalaman MSIB di VINIX7 sebagai Junior SDM Management benar-benar luar biasa dan melampaui ekspektasi,Umum,Positif,6.0,Human Resources
Programnya sangat terstruktur dan materinya sangat relevan dengan kebutuhan industri,Materi,Positif,6.0,Human Resources
Programnya sangat terstruktur dan materinya sangat relevan dengan kebutuhan industri,Karier,Positif,6.0,Human Resources
Programnya sangat terstruktur dan materinya sangat relevan dengan kebutuhan industri,Program,Positif,6.0,Human Resources
"Saya belajar banyak hal baru, dari HR Analytics, Talent Mapping, hingga penyusunan KPI langsung dari praktisi",Umum,Positif,4.0,Human Resources
Bimbingan mentor sangat suportif dan profesional,Mentor,Positif,10.0,Human Resources
Bimbingan mentor sangat suportif dan profesional,Karier,Positif,10.0,Human Resources
Suasana belajar yang ramah dan adanya studi kasus nyata membuat pemahaman jadi lebih matang,Project,Positif,3.0,Human Resources
Program ini sangat membantu saya membangun portofolio dan meningkatkan kepercayaan diri untuk memasuki dunia kerja,Project,Positif,9.0,Human Resources
Program ini sangat membantu saya membangun portofolio dan meningkatkan kepercayaan diri untuk memasuki dunia kerja,Karier,Positif,9.0,Human Resources
Program ini sangat membantu saya membangun portofolio dan meningkatkan kepercayaan diri untuk memasuki dunia kerja,Program,Positif,9.0,Human Resources
"Saya memiliki ketertarikan dalam berkarier di bidang UI/UX, sehingga saya mengikuti Program Magang dan Studi Independen VINIX7 pada divisi Web Development UI/UX",Karier,Netral,0.0,Web Dev & UI/UX
"Saya memiliki ketertarikan dalam berkarier di bidang UI/UX, sehingga saya mengikuti Program Magang dan Studi Independen VINIX7 pada divisi Web Development UI/UX",Program,Netral,0.0,Web Dev & UI/UX
"Selama satu semester, saya mendapatkan pengalaman belajar yang baik",Umum,Positif,4.0,Web Dev & UI/UX
Materi disusun dari dasar sehingga mudah diikuti pemula dan disampaikan dengan runtut,Materi,Positif,4.0,Web Dev & UI/UX
\n\nMentor juga kompeten serta mampu menjelaskan materi dengan jelas dan menjawab pertanyaan peserta dengan baik,Mentor,Positif,10.0,Web Dev & UI/UX
\n\nMentor juga kompeten serta mampu menjelaskan materi dengan jelas dan menjawab pertanyaan peserta dengan baik,Materi,Positif,10.0,Web Dev & UI/UX
Proyek yang diberikan membantu saya memahami proses pembuatan proyek nyata,Project,Positif,4.0,Web Dev & UI/UX
"\n\nSecara keseluruhan, program ini sangat cocok bagi pemula yang ingin memulai belajar UI/UX",Program,Netral,0.0,Web Dev & UI/UX
VINIX7 adalah program pelatihan yang sangat membantu perkembangan skill saya di bidang data science,Skill,Positif,5.0,Data Science & ML
VINIX7 adalah program pelatihan yang sangat membantu perkembangan skill saya di bidang data science,Program,Positif,5.0,Data Science & ML
"Selama mengikuti program, saya mendapatkan materi yang terstruktur, bimbingan mentor yang sabar dan responsif, serta kesempatan mengerjakan proyek nyata yang bisa digunakan sebagai portofolio",Mentor,Positif,8.0,Data Science & ML
"Selama mengikuti program, saya mendapatkan materi yang terstruktur, bimbingan mentor yang sabar dan responsif, serta kesempatan mengerjakan proyek nyata yang bisa digunakan sebagai portofolio",Materi,Positif,8.0,Data Science & ML
"Selama mengikuti program, saya mendapatkan materi yang terstruktur, bimbingan mentor yang sabar dan responsif, serta kesempatan mengerjakan proyek nyata yang bisa digunakan sebagai portofolio",Project,Positif,8.0,Data Science & ML
"Selama mengikuti program, saya mendapatkan materi yang terstruktur, bimbingan mentor yang sabar dan responsif, serta kesempatan mengerjakan proyek nyata yang bisa digunakan sebagai portofolio",Program,Positif,8.0,Data Science & ML
"\n\nMetode pengajaran yang digunakan sangat jelas dan aplikatif, mulai dari data understanding, data cleaning, EDA, modelling machine learning, hingga pembuatan dashboard",Mentor,Positif,3.0,Data Science & ML
"Selain itu, suasana belajar juga positif dan mendukung, sehingga memudahkan peserta untuk berdiskusi dan bertanya",Umum,Netral,0.0,Data Science & ML
\n\nProgram ini sangat saya rekomendasikan untuk mahasiswa atau fresh graduate yang ingin memperdalam dunia data dan mempersiapkan diri memasuki industri teknologi,Karier,Positif,6.0,Data Science & ML
\n\nProgram ini sangat saya rekomendasikan untuk mahasiswa atau fresh graduate yang ingin memperdalam dunia data dan mempersiapkan diri memasuki industri teknologi,Program,Positif,6.0,Data Science & ML
"Terima kasih VINIX7, pembelajaran dan pengalamannya benar-benar berharga",Materi,Positif,6.0,Data Science & ML
Pengalaman Studi Independen di VINIX7 sangat berkesan,Umum,Positif,6.0,Tidak Disebutkan
"Mentornya responsif, materi pembelajarannya relevan dengan industri, dan saya banyak belajar tentang analisis pasar keuangan secara profesional",Mentor,Positif,6.0,Tidak Disebutkan
"Mentornya responsif, materi pembelajarannya relevan dengan industri, dan saya banyak belajar tentang analisis pasar keuangan secara profesional",Materi,Positif,6.0,Tidak Disebutkan
"Mentornya responsif, materi pembelajarannya relevan dengan industri, dan saya banyak belajar tentang analisis pasar keuangan secara profesional",Karier,Positif,6.0,Tidak Disebutkan
"Programnya terstruktur, komunikatif, dan sangat membantu pengembangan skill",Skill,Positif,5.0,Tidak Disebutkan
"Programnya terstruktur, komunikatif, dan sangat membantu pengembangan skill",Program,Positif,5.0,Tidak Disebutkan
Sangat direkomendasikan untuk mahasiswa yang ingin memperdalam dunia finansial,Umum,Netral,0.0,Tidak Disebutkan
Program VINIX7 menghadirkan pengalaman belajar yang menyenangkan sekaligus profesional melalui penyampaian materi yang tersusun bertahap dan mudah diikuti,Materi,Positif,12.0,Tidak Disebutkan
Program VINIX7 menghadirkan pengalaman belajar yang menyenangkan sekaligus profesional melalui penyampaian materi yang tersusun bertahap dan mudah diikuti,Karier,Positif,12.0,Tidak Disebutkan
Program VINIX7 menghadirkan pengalaman belajar yang menyenangkan sekaligus profesional melalui penyampaian materi yang tersusun bertahap dan mudah diikuti,Program,Positif,12.0,Tidak Disebutkan
Setiap modul memiliki fokus yang jelas sehingga peserta dapat memahami keterhubungan berbagai aspek dalam manajemen proyek,Materi,Positif,3.0,Tidak Disebutkan
Setiap modul memiliki fokus yang jelas sehingga peserta dapat memahami keterhubungan berbagai aspek dalam manajemen proyek,Project,Positif,3.0,Tidak Disebutkan
Setiap modul memiliki fokus yang jelas sehingga peserta dapat memahami keterhubungan berbagai aspek dalam manajemen proyek,Program,Positif,3.0,Tidak Disebutkan
"Mentor memberikan penjelasan yang mudah dipahami, responsif, dan selalu memberi umpan balik yang membantu dalam menyusun komponen penting seperti WBS, risk management, dan strategic thinking",Mentor,Positif,8.0,Tidak Disebutkan
Lingkungan belajarnya juga inklusif serta mendorong peserta aktif berdiskusi dan bereksplorasi tanpa takut melakukan kesalahan,Umum,Netral,0.0,Tidak Disebutkan
"Secara keseluruhan, program ini memberikan pengalaman pembelajaran yang inspiratif dan bermanfaat, baik secara akademik maupun praktik",Materi,Positif,8.0,Tidak Disebutkan
"Secara keseluruhan, program ini memberikan pengalaman pembelajaran yang inspiratif dan bermanfaat, baik secara akademik maupun praktik",Project,Positif,8.0,Tidak Disebutkan
"Secara keseluruhan, program ini memberikan pengalaman pembelajaran yang inspiratif dan bermanfaat, baik secara akademik maupun praktik",Program,Positif,8.0,Tidak Disebutkan
"I've joined VINIX7 as a Web Development & UI/UX Intern through the MSIB Mandiri program, and it was a truly valuable experience",Program,Positif,4.0,Web Dev & UI/UX
"The learning structure was clear, the mentors were very supportive, and the sessions were delivered professionally",Mentor,Netral,0.0,Web Dev & UI/UX
"I gained practical skills in UI/UX design, design thinking, prototyping, and basic front-end development",Skill,Netral,0.0,Web Dev & UI/UX
\nThis program is highly recommended for students who want to grow their digital skills and build a strong portfolio,Skill,Positif,4.0,Web Dev & UI/UX
\nThis program is highly recommended for students who want to grow their digital skills and build a strong portfolio,Program,Positif,4.0,Web Dev & UI/UX
Magang di VINIX7 benar-benar jadi pengalaman berharga,Umum,Positif,5.0,Tidak Disebutkan
"\nProgramnya terstruktur, materinya relevan dengan kebutuhan industri, dan setiap minggu selalu ada sesi belajar yang jelas arahnya",Materi,Positif,6.0,Tidak Disebutkan
"\nProgramnya terstruktur, materinya relevan dengan kebutuhan industri, dan setiap minggu selalu ada sesi belajar yang jelas arahnya",Karier,Positif,6.0,Tidak Disebutkan
"\nProgramnya terstruktur, materinya relevan dengan kebutuhan industri, dan setiap minggu selalu ada sesi belajar yang jelas arahnya",Program,Positif,6.0,Tidak Disebutkan
"Mentornya ramah, responsif, dan sangat membantu ketika saya mengalami kesulitan, terutama dalam memahami UI/UX dan pengembangan website",Mentor,Positif,5.0,Tidak Disebutkan
"Suasana belajarnya nyaman, kolaborasi timnya menyenangkan, dan saya mendapatkan banyak skill baru yang bisa langsung dipraktikkan",Project,Netral,0.0,Tidak Disebutkan
"Suasana belajarnya nyaman, kolaborasi timnya menyenangkan, dan saya mendapatkan banyak skill baru yang bisa langsung dipraktikkan",Skill,Netral,0.0,Tidak Disebutkan
\nSangat direkomendasikan untuk mahasiswa yang ingin meningkatkan kemampuan digital dan membangun portofolio berkualitas,Project,Positif,8.0,Tidak Disebutkan
\nSangat direkomendasikan untuk mahasiswa yang ingin meningkatkan kemampuan digital dan membangun portofolio berkualitas,Skill,Positif,8.0,Tidak Disebutkan
Magang di VINIX7 menurut saya sangat membantu dan bermanfaat,Umum,Positif,9.0,Tidak Disebutkan
"Materinya jelas, mentornya ramah dan mudah dihubungi kalau ada yang belum paham",Mentor,Positif,5.0,Tidak Disebutkan
"Materinya jelas, mentornya ramah dan mudah dihubungi kalau ada yang belum paham",Materi,Positif,5.0,Tidak Disebutkan
"Selama program, saya belajar banyak hal tentang UI/UX dan Web Development seperti bikin wireframe, desain UI, sampai bangun website dengan HTML, CSS, dan Webflow",Program,Positif,4.0,Tidak Disebutkan
Tugas-tugasnya juga realistis dan mirip dengan pekerjaan di dunia industri,Project,Netral,0.0,Tidak Disebutkan
Tugas-tugasnya juga realistis dan mirip dengan pekerjaan di dunia industri,Karier,Netral,0.0,Tidak Disebutkan
Program ini bikin saya jadi lebih paham alur kerja dan lebih percaya diri buat lanjut ke dunia kerja digital,Karier,Positif,7.0,Tidak Disebutkan
Program ini bikin saya jadi lebih paham alur kerja dan lebih percaya diri buat lanjut ke dunia kerja digital,Program,Positif,7.0,Tidak Disebutkan
Recommended banget buat mahasiswa yang mau nambah skill,Skill,Positif,4.0,Tidak Disebutkan
Pengalaman saya mengikuti program Data Science di VINIX7 merupakan salah satu pengalaman terbaik sepanjang proses pembelajaran saya,Materi,Positif,5.0,Data Science & ML
Pengalaman saya mengikuti program Data Science di VINIX7 merupakan salah satu pengalaman terbaik sepanjang proses pembelajaran saya,Program,Positif,5.0,Data Science & ML
"Materi yang diberikan sangat relevan dengan kebutuhan industri, disampaikan secara jelas, terstruktur, dan mudah dipahami, sehingga membantu saya membangun dasar pengetahuan yang kuat",Materi,Positif,13.0,Data Science & ML
"Materi yang diberikan sangat relevan dengan kebutuhan industri, disampaikan secara jelas, terstruktur, dan mudah dipahami, sehingga membantu saya membangun dasar pengetahuan yang kuat",Karier,Positif,13.0,Data Science & ML
"Materi yang diberikan sangat relevan dengan kebutuhan industri, disampaikan secara jelas, terstruktur, dan mudah dipahami, sehingga membantu saya membangun dasar pengetahuan yang kuat",Program,Positif,13.0,Data Science & ML
"Mentor program juga memberikan arahan yang tepat dan bermanfaat, sehingga saya dapat berkembang secara bertahap dan percaya diri dalam memahami konsep-konsep penting dalam data science",Mentor,Positif,6.0,Data Science & ML
"Mentor program juga memberikan arahan yang tepat dan bermanfaat, sehingga saya dapat berkembang secara bertahap dan percaya diri dalam memahami konsep-konsep penting dalam data science",Program,Positif,6.0,Data Science & ML
"\n\nSelain itu, proyek yang saya kerjakan selama program benar-benar membuka wawasan saya mengenai penerapan data science di dunia nyata",Project,Positif,2.0,Data Science & ML
"\n\nSelain itu, proyek yang saya kerjakan selama program benar-benar membuka wawasan saya mengenai penerapan data science di dunia nyata",Karier,Positif,2.0,Data Science & ML
"\n\nSelain itu, proyek yang saya kerjakan selama program benar-benar membuka wawasan saya mengenai penerapan data science di dunia nyata",Program,Positif,2.0,Data Science & ML
Lingkungan pembelajaran yang suportif dan profesional memberikan banyak insight baru serta mendorong saya untuk terus meningkatkan kemampuan analitis dan teknis saya,Materi,Positif,9.0,Data Science & ML
Lingkungan pembelajaran yang suportif dan profesional memberikan banyak insight baru serta mendorong saya untuk terus meningkatkan kemampuan analitis dan teknis saya,Skill,Positif,9.0,Data Science & ML
Lingkungan pembelajaran yang suportif dan profesional memberikan banyak insight baru serta mendorong saya untuk terus meningkatkan kemampuan analitis dan teknis saya,Karier,Positif,9.0,Data Science & ML
"Program ini tidak hanya memberikan pengetahuan, tetapi juga pengalaman praktis yang sangat berharga untuk karier saya ke depan",Karier,Positif,6.0,Data Science & ML
"Program ini tidak hanya memberikan pengetahuan, tetapi juga pengalaman praktis yang sangat berharga untuk karier saya ke depan",Program,Positif,6.0,Data Science & ML
menurut saya ini adalah salah satu pengalaman belajar yang paling berharga selama mengikuti kegiatan kampus,Umum,Positif,5.0,Tidak Disebutkan
"Selama program, saya banyak belajar tentang analisis fundamental, teknikal, dan cara menyusun portofolio menggunakan Model Markowitz",Project,Netral,0.0,Tidak Disebutkan
"Selama program, saya banyak belajar tentang analisis fundamental, teknikal, dan cara menyusun portofolio menggunakan Model Markowitz",Program,Netral,0.0,Tidak Disebutkan
Materinya relevan dengan dunia kerja dan disampaikan dengan cara yang mudah dipahami,Materi,Positif,7.0,Tidak Disebutkan
Materinya relevan dengan dunia kerja dan disampaikan dengan cara yang mudah dipahami,Karier,Positif,7.0,Tidak Disebutkan
"\n\nMentor-mentor di Vinix7 juga sangat suportif, jelas dalam memberikan arahan, dan selalu siap membantu ketika ada hal yang belum saya pahami",Mentor,Positif,7.0,Tidak Disebutkan
"Program ini membuat saya lebih percaya diri dalam membaca data pasar, memahami dinamika saham, serta mengambil keputusan investasi secara lebih terukur",Program,Positif,7.0,Tidak Disebutkan
"Secara keseluruhan, program ini sangat bermanfaat dan sangat saya rekomendasikan bagi mahasiswa yang ingin memperdalam dunia pasar modal",Program,Positif,9.0,Tidak Disebutkan
Program Brand Design & Marketer Terbaik,Program,Positif,4.0,Brand & Marketing
Langsung Merancang Kampanye untuk Brand Besar,Umum,Netral,0.0,Brand & Marketing
\n\nProgram MSIB Vinix 7 Divisi Brand Designer & Marketer adalah program yang sangat impactful dan profesional,Karier,Positif,3.0,Brand & Marketing
\n\nProgram MSIB Vinix 7 Divisi Brand Designer & Marketer adalah program yang sangat impactful dan profesional,Program,Positif,3.0,Brand & Marketing
"Bukan sekadar teori, kami langsung diajak mengaplikasikan seluruh siklus pemasaran—mulai dari Riset Pasar yang mendalam, penentuan Brand Positioning yang strategis, hingga eksekusi Creative Campaign yang kohesif",Umum,Netral,0.0,Brand & Marketing
"\n\nProyek akhir kami, Kampanye Edukasi Pocari Sweat, membuktikan bahwa materi yang diberikan sangat relevan",Materi,Positif,3.0,Brand & Marketing
"\n\nProyek akhir kami, Kampanye Edukasi Pocari Sweat, membuktikan bahwa materi yang diberikan sangat relevan",Project,Positif,3.0,Brand & Marketing
"Kami diajarkan bagaimana menerjemahkan consumer insight menjadi Video Reels yang kuat, serta menganalisis kinerja kampanye (data-driven) menggunakan metrik industri",Karier,Netral,0.0,Brand & Marketing
"\n\nMentor sangat ahli dan supportive, fokus pada pengembangan skill berpikir strategis yang dibutuhkan dunia kerja",Mentor,Netral,0.0,Brand & Marketing
"\n\nMentor sangat ahli dan supportive, fokus pada pengembangan skill berpikir strategis yang dibutuhkan dunia kerja",Skill,Netral,0.0,Brand & Marketing
"\n\nMentor sangat ahli dan supportive, fokus pada pengembangan skill berpikir strategis yang dibutuhkan dunia kerja",Karier,Netral,0.0,Brand & Marketing
Sangat direkomendasikan bagi mahasiswa yang ingin portofolionya terisi dengan proyek nyata dan skill yang siap pakai,Project,Netral,0.0,Brand & Marketing
Sangat direkomendasikan bagi mahasiswa yang ingin portofolionya terisi dengan proyek nyata dan skill yang siap pakai,Skill,Netral,0.0,Brand & Marketing
Pengalaman saya mengikuti program studi independen divisi cybersecurity di VINIX7 sangat seru dan membuka banyak wawasan baru,Program,Positif,7.0,Cybersecurity
"Mentor yang mengajar asik, komunikatif, dan selalu membantu ketika peserta mengalami kesulitan",Mentor,Positif,4.0,Cybersecurity
"Materi yang diberikan juga relevan dan sangat membantu saya untuk lebih mendalami dunia teknologi informasi, khususnya di bidang cybersecurity",Materi,Positif,8.0,Cybersecurity
"\n\nSelain hard skill, program pembelajaran soft skill yang disediakan juga menjadi nilai tambah karena melatih kemampuan komunikasi, problem solving, dan kesiapan menghadapi dunia kerja",Materi,Netral,0.0,Cybersecurity
"\n\nSelain hard skill, program pembelajaran soft skill yang disediakan juga menjadi nilai tambah karena melatih kemampuan komunikasi, problem solving, dan kesiapan menghadapi dunia kerja",Skill,Netral,0.0,Cybersecurity
"\n\nSelain hard skill, program pembelajaran soft skill yang disediakan juga menjadi nilai tambah karena melatih kemampuan komunikasi, problem solving, dan kesiapan menghadapi dunia kerja",Karier,Netral,0.0,Cybersecurity
"\n\nSelain hard skill, program pembelajaran soft skill yang disediakan juga menjadi nilai tambah karena melatih kemampuan komunikasi, problem solving, dan kesiapan menghadapi dunia kerja",Program,Netral,0.0,Cybersecurity
"Secara keseluruhan, program ini sangat bermanfaat dan layak direkomendasikan",Program,Positif,5.0,Cybersecurity
mengikuti program Junior Financial Market Analyst di VINIX7 menjadi pengalaman yang sangat berkesan bagi saya,Program,Positif,6.0,Financial & Banking
"materi yang disampai sangat relevan dan mudah untuk dipahami, serta penyampaiannya mudah dicerna, dan mentor-memtoranya memberikan bimbingan yang mendorong saya untuk berkembang",Mentor,Positif,13.0,Financial & Banking
"materi yang disampai sangat relevan dan mudah untuk dipahami, serta penyampaiannya mudah dicerna, dan mentor-memtoranya memberikan bimbingan yang mendorong saya untuk berkembang",Materi,Positif,13.0,Financial & Banking
\nProyek yang saya jalani pun membuat perspektif saya semakin luas,Project,Netral,0.0,Financial & Banking
"Suasana belajarnya mendukung, profesional, dan penuh dengan wawasan baru yang berharga",Karier,Positif,6.0,Financial & Banking
Saya mengucapkan terima kasih yang sebesar-besarnya kepada VINIX7 atas kesempatan dan pengalaman berharga yang telah diberikan selama mengikuti Program Magang dan Studi Independen Bersertifikat (MSIB),Program,Positif,9.0,Tidak Disebutkan
"Melalui bimbingan para mentor dan lingkungan kerja yang kolaboratif, saya memperoleh banyak pembelajaran, baik dari sisi teknis maupun pengembangan soft skill, khususnya dalam bidang Web Developer dan UI/UX",Mentor,Positif,6.0,Tidak Disebutkan
"Melalui bimbingan para mentor dan lingkungan kerja yang kolaboratif, saya memperoleh banyak pembelajaran, baik dari sisi teknis maupun pengembangan soft skill, khususnya dalam bidang Web Developer dan UI/UX",Materi,Positif,6.0,Tidak Disebutkan
"Melalui bimbingan para mentor dan lingkungan kerja yang kolaboratif, saya memperoleh banyak pembelajaran, baik dari sisi teknis maupun pengembangan soft skill, khususnya dalam bidang Web Developer dan UI/UX",Skill,Positif,6.0,Tidak Disebutkan
"Melalui bimbingan para mentor dan lingkungan kerja yang kolaboratif, saya memperoleh banyak pembelajaran, baik dari sisi teknis maupun pengembangan soft skill, khususnya dalam bidang Web Developer dan UI/UX",Karier,Positif,6.0,Tidak Disebutkan
Menurut saya mengikuti program Studi Independen VINIX7 Batch 3 menjadi salah satu pengalaman belajar yang menyenangkan,Program,Positif,5.0,Tidak Disebutkan
Penyampaian materinya runtut dan mudah diikuti sesuai silabus,Materi,Positif,4.0,Tidak Disebutkan
"Serta, materinya relevan dengan kebutuhan industri saat ini",Materi,Positif,3.0,Tidak Disebutkan
"Serta, materinya relevan dengan kebutuhan industri saat ini",Karier,Positif,3.0,Tidak Disebutkan
"\n\nMentor memiliki pembawaan yang profesional sekaligus ramah, cepat merespons pertanyaan, memberikan penjelasan yang jelas, dan tidak ragu untuk membantu ketika peserta mengalami kesulitan",Mentor,Positif,7.0,Tidak Disebutkan
"\n\nMentor memiliki pembawaan yang profesional sekaligus ramah, cepat merespons pertanyaan, memberikan penjelasan yang jelas, dan tidak ragu untuk membantu ketika peserta mengalami kesulitan",Karier,Positif,7.0,Tidak Disebutkan
\n\nSaya merasa terbantu dengan sistem belajar yang langsung dipraktikkan melalui project mingguan karena menambah portofolio dan menambah pemahaman Saya dalam dunia Cybersecurity,Project,Netral,0.0,Tidak Disebutkan
\n\nSaya merasa terbantu dengan sistem belajar yang langsung dipraktikkan melalui project mingguan karena menambah portofolio dan menambah pemahaman Saya dalam dunia Cybersecurity,Program,Netral,0.0,Tidak Disebutkan
"Setelah menjalani Program MSIB Batch 3 bersama VINIX7, saya mendapatkan banyak sekali pengalaman yang baru",Program,Positif,1.0,Tidak Disebutkan
"\n\nMulai dari teman-teman kelompok Divisi saya, Mentor yang siap membantu dan cepat tanggap, tak lupa juga kakak pembimbing yang senantiasa membantu kami dalam mengerjakan laporan-laporan yang dibutuhkan oleh Universitas",Mentor,Positif,8.0,Tidak Disebutkan
"\n\nMateri-materi yang diajarkan juga tidak sulit untuk dipahami meskipun dengan latar belakang yang berbeda-beda, namun tetap harus mempelajari materi yang diberikan oleh mentor dan mengerjakan tugasnya bersama teman-teman kelompok",Mentor,Netral,0.0,Tidak Disebutkan
"\n\nMateri-materi yang diajarkan juga tidak sulit untuk dipahami meskipun dengan latar belakang yang berbeda-beda, namun tetap harus mempelajari materi yang diberikan oleh mentor dan mengerjakan tugasnya bersama teman-teman kelompok",Materi,Netral,0.0,Tidak Disebutkan
"\n\nMateri-materi yang diajarkan juga tidak sulit untuk dipahami meskipun dengan latar belakang yang berbeda-beda, namun tetap harus mempelajari materi yang diberikan oleh mentor dan mengerjakan tugasnya bersama teman-teman kelompok",Project,Netral,0.0,Tidak Disebutkan
"\n\nSaya senang mengikuti program ini karena banyak sekali manfaat yang didapat, dan pengalaman sekaligus materi yang krusial dan dibutuhkan dalam dunia kerja",Materi,Positif,5.0,Tidak Disebutkan
"\n\nSaya senang mengikuti program ini karena banyak sekali manfaat yang didapat, dan pengalaman sekaligus materi yang krusial dan dibutuhkan dalam dunia kerja",Karier,Positif,5.0,Tidak Disebutkan
"\n\nSaya senang mengikuti program ini karena banyak sekali manfaat yang didapat, dan pengalaman sekaligus materi yang krusial dan dibutuhkan dalam dunia kerja",Program,Positif,5.0,Tidak Disebutkan
"Sekaligus, juga sebagai pelengkap portofolio saya",Project,Netral,0.0,Tidak Disebutkan
Pengalamanku mengikuti program MSIB Vinix7 ini menyenangkan dan menambah pengalaman serta pengetahuanku bagaimana dunia data science di industri langsung,Karier,Positif,5.0,Tidak Disebutkan
Pengalamanku mengikuti program MSIB Vinix7 ini menyenangkan dan menambah pengalaman serta pengetahuanku bagaimana dunia data science di industri langsung,Program,Positif,5.0,Tidak Disebutkan
Materi dan tugas yang diberikan juga masih relevan di dunia kerja,Materi,Positif,3.0,Tidak Disebutkan
Materi dan tugas yang diberikan juga masih relevan di dunia kerja,Project,Positif,3.0,Tidak Disebutkan
Materi dan tugas yang diberikan juga masih relevan di dunia kerja,Karier,Positif,3.0,Tidak Disebutkan
Mentornya juga oke banget dalam menyampaikan materinya,Mentor,Positif,3.0,Tidak Disebutkan
Mentornya juga oke banget dalam menyampaikan materinya,Materi,Positif,3.0,Tidak Disebutkan
Program ini juga memberi fasilitas berupa kelas english dan AI yang dimana ini ngebantu aku banget,Program,Netral,0.0,Tidak Disebutkan
Pengalaman punya kelompok dengan mahasiswa di luar daerah juga jadi pengalaman baru bagaimana bekerja sama dengan orang diluar daerah,Karier,Positif,2.0,Tidak Disebutkan
\nBisa dibilang ikut program MSIB vinix7 ini worth it karena materi dari kuliah kadang berbeda apa yang dibutuhkan industri saat ini,Materi,Positif,4.0,Tidak Disebutkan
\nBisa dibilang ikut program MSIB vinix7 ini worth it karena materi dari kuliah kadang berbeda apa yang dibutuhkan industri saat ini,Karier,Positif,4.0,Tidak Disebutkan
\nBisa dibilang ikut program MSIB vinix7 ini worth it karena materi dari kuliah kadang berbeda apa yang dibutuhkan industri saat ini,Program,Positif,4.0,Tidak Disebutkan
Mengikuti program VINIX7 Batch 3 menjadi pengalaman yang sangat berkesan dan penuh manfaat bagi saya,Program,Positif,6.0,Tidak Disebutkan
"Penyajian materinya tersusun dengan baik sehingga mudah dipahami, bahkan bagi pemula yang baru memulai perjalanan di bidang data science",Materi,Positif,7.0,Tidak Disebutkan
"Para mentor pun sangat suportif—ramah, cepat merespons, dan memberikan arahan yang jelas di setiap sesi",Mentor,Positif,3.0,Tidak Disebutkan
"Hal yang paling saya apresiasi adalah pendekatan berbasis proyek, karena membuat saya benar-benar memahami cara menerapkan analisis data dan machine learning pada permasalahan nyata",Project,Netral,0.0,Tidak Disebutkan
"Terima kasih VINIX7, program ini benar-benar membantu saya berkembang sekaligus memperkaya portofolio saya",Project,Positif,9.0,Tidak Disebutkan
"Terima kasih VINIX7, program ini benar-benar membantu saya berkembang sekaligus memperkaya portofolio saya",Program,Positif,9.0,Tidak Disebutkan
Program magang VINIX7 memberikan pengalaman yang sangat berharga,Program,Positif,6.0,Lainnya
"Materi pembelajaran relevan dengan kebutuhan industri, dan mentor memberikan arahan yang jelas serta suportif",Mentor,Positif,10.0,Lainnya
"Materi pembelajaran relevan dengan kebutuhan industri, dan mentor memberikan arahan yang jelas serta suportif",Materi,Positif,10.0,Lainnya
"Materi pembelajaran relevan dengan kebutuhan industri, dan mentor memberikan arahan yang jelas serta suportif",Karier,Positif,10.0,Lainnya
"Selama mengikuti program di Divisi Public Relations VINIX7, saya mendapatkan banyak insight baru mengenai dunia komunikasi digital dan strategi PR modern",Program,Netral,0.0,Lainnya
"Lingkungan belajarnya nyaman, terstruktur, dan memberikan kesempatan bagi peserta untuk berkembang secara mandiri maupun kolaboratif",Program,Positif,5.0,Lainnya
Saya sangat terbantu dengan program pembelajaran yang disediakan oleh Vinix7 selama mengikuti Studi Independen sebagai Junior Data Scientist,Materi,Netral,0.0,Data Science & ML
Saya sangat terbantu dengan program pembelajaran yang disediakan oleh Vinix7 selama mengikuti Studi Independen sebagai Junior Data Scientist,Program,Netral,0.0,Data Science & ML
"Materi yang diberikan terstruktur, mudah diikuti, dan relevan dengan kebutuhan industri data saat ini",Materi,Positif,7.0,Data Science & ML
"Materi yang diberikan terstruktur, mudah diikuti, dan relevan dengan kebutuhan industri data saat ini",Karier,Positif,7.0,Data Science & ML
"Materi yang diberikan terstruktur, mudah diikuti, dan relevan dengan kebutuhan industri data saat ini",Program,Positif,7.0,Data Science & ML
"Setiap modul dilengkapi dengan penjelasan yang jelas, studi kasus nyata, serta latihan yang membuat saya lebih memahami konsep statistik, pemrograman Python, hingga machine learning",Materi,Netral,0.0,Data Science & ML
"Setiap modul dilengkapi dengan penjelasan yang jelas, studi kasus nyata, serta latihan yang membuat saya lebih memahami konsep statistik, pemrograman Python, hingga machine learning",Project,Netral,0.0,Data Science & ML
"Selain itu, sistem pembelajarannya interaktif dan memudahkan saya untuk belajar secara mandiri",Materi,Positif,3.0,Data Science & ML
"Selain itu, sistem pembelajarannya interaktif dan memudahkan saya untuk belajar secara mandiri",Program,Positif,3.0,Data Science & ML
"Secara keseluruhan, pengalaman belajar di Vinix7 meningkatkan kemampuan teknis saya serta mempersiapkan saya untuk berkarier di bidang data",Skill,Positif,5.0,Data Science & ML
"Secara keseluruhan, pengalaman belajar di Vinix7 meningkatkan kemampuan teknis saya serta mempersiapkan saya untuk berkarier di bidang data",Karier,Positif,5.0,Data Science & ML
Pengalaman saya mengikuti program studi independen di VINIX7 pada divisi Brand Junior Designer & Marketer sangat berkesan dan bermanfaat,Program,Positif,10.0,Brand & Marketing
"Materi yang diberikan relevan dengan dunia industri, khususnya di bidang branding dan marketing",Materi,Positif,3.0,Brand & Marketing
"Materi yang diberikan relevan dengan dunia industri, khususnya di bidang branding dan marketing",Karier,Positif,3.0,Brand & Marketing
"Mentor juga sangat supportif, komunikatif, dan selalu memberikan feedback yang membangun",Mentor,Positif,4.0,Brand & Marketing
"Setiap tugas membantu saya meningkatkan kreativitas, kedisiplinan, dan kerja sama tim",Project,Positif,6.0,Brand & Marketing
"Setiap tugas membantu saya meningkatkan kreativitas, kedisiplinan, dan kerja sama tim",Karier,Positif,6.0,Brand & Marketing
Lingkungan belajarnya nyaman dan profesional,Karier,Positif,3.0,Brand & Marketing
Sangat direkomendasikan untuk mahasiswa yang ingin upgrade skill dan pengalaman nyata,Skill,Positif,3.0,Brand & Marketing
Saya mengikuti program VINIX7 Batch 3 dan ini menjadi pengalaman yang sangat berkesan dan memberi banyak manfaat bagi saya,Program,Positif,6.0,Tidak Disebutkan
"Dalam mengikuti program ini materi nya disajikan secara terstruktur dan mudah dipahami, terutama bagi pemula yang ingin belajar Cyber Security",Materi,Positif,7.0,Tidak Disebutkan
"Dalam mengikuti program ini materi nya disajikan secara terstruktur dan mudah dipahami, terutama bagi pemula yang ingin belajar Cyber Security",Program,Positif,7.0,Tidak Disebutkan
"Para mentor juga sangat ramah, tanggap, dan selalu memberikan penjelasan yang jelas di setiap pertemuan",Mentor,Positif,3.0,Tidak Disebutkan
"Hal yang paling saya apresiasi adalah pendekatan pembelajaran berbasis proyek, yang membantu saya memahami penerapan analisis data dan machine learning pada studi kasus nyata",Materi,Positif,4.0,Tidak Disebutkan
"Hal yang paling saya apresiasi adalah pendekatan pembelajaran berbasis proyek, yang membantu saya memahami penerapan analisis data dan machine learning pada studi kasus nyata",Project,Positif,4.0,Tidak Disebutkan
Mengikuti program VINIX7 Batch 3 menjadi salah satu pengalaman belajar terbaik yang pernah saya ikuti,Program,Positif,5.0,Tidak Disebutkan
"Kurikulumnya disusun dengan sangat rapi, sehingga setiap materi terasa mudah diikuti meskipun sebelumnya saya belum terlalu familiar dengan bidang Web Development & UI/UX",Materi,Positif,4.0,Tidak Disebutkan
"Mentor-mentornya juga luar biasa—ramah, sabar, dan selalu memberikan penjelasan yang jelas serta contoh nyata yang membantu saya memahami konsep lebih dalam",Mentor,Positif,12.0,Tidak Disebutkan
"Yang paling saya sukai adalah metode belajar berbasis praktik dan proyek, karena membuat saya benar-benar merasakan proses kerja seperti di industri",Project,Netral,0.0,Tidak Disebutkan
"Yang paling saya sukai adalah metode belajar berbasis praktik dan proyek, karena membuat saya benar-benar merasakan proses kerja seperti di industri",Karier,Netral,0.0,Tidak Disebutkan
"Terima kasih VINIX7, program ini benar-benar membantu saya berkembang",Program,Positif,9.0,Tidak Disebutkan
Mengikuti program VINIX7 menjadi salah satu pengalaman pengembangan diri yang paling berharga bagi saya,Program,Positif,5.0,Tidak Disebutkan
"Melalui rangkaian pelatihan, tantangan, serta mentoring intensif, saya belajar untuk membangun pola pikir yang lebih positif, produktif, dan terarah",Mentor,Positif,5.0,Tidak Disebutkan
"Program ini membantu saya mengenali potensi diri, memahami kekuatan dan kelemahan pribadi, serta mengembangkan kebiasaan-kebiasaan baru yang lebih konsisten",Program,Positif,6.0,Tidak Disebutkan
"\n\nSelama mengikuti VINIX7, saya mendapatkan wawasan mengenai cara mengatur tujuan hidup secara lebih sistematis, mengelola waktu, serta meningkatkan kemampuan komunikasi dan leadership",Skill,Positif,4.0,Tidak Disebutkan
"\n\nSelama mengikuti VINIX7, saya mendapatkan wawasan mengenai cara mengatur tujuan hidup secara lebih sistematis, mengelola waktu, serta meningkatkan kemampuan komunikasi dan leadership",Program,Positif,4.0,Tidak Disebutkan
"Selain itu, lingkungan komunitas yang suportif membuat proses belajar terasa menyenangkan dan memotivasi, karena saya dapat bertukar pengalaman dan saling mendorong dengan peserta lain",Umum,Positif,9.0,Tidak Disebutkan
"\n\nSecara keseluruhan, VINIX7 tidak hanya memberikan teori, tetapi juga mendorong saya untuk menerapkannya dalam kehidupan sehari-hari",Umum,Netral,0.0,Tidak Disebutkan
"Hasilnya, saya menjadi lebih disiplin, percaya diri, dan mampu mengambil keputusan dengan lebih matang",Umum,Positif,3.0,Tidak Disebutkan
Program ini menjadi langkah penting dalam perjalanan pengembangan diri saya,Program,Netral,0.0,Tidak Disebutkan
Mengikuti program VINIX7 Batch 3 pada Divisi Junior Financial Market Analyst menjadi pengalaman belajar yang sangat berkesan,Program,Positif,6.0,Financial & Banking
"Materinya tersusun dengan baik, penyampaian mentor jelas dan suportif, serta setiap sesi dibuat aplikatif sehingga mudah dipahami",Mentor,Positif,10.0,Financial & Banking
"Materinya tersusun dengan baik, penyampaian mentor jelas dan suportif, serta setiap sesi dibuat aplikatif sehingga mudah dipahami",Materi,Positif,10.0,Financial & Banking
Saya mendapatkan banyak wawasan baru tentang analisis pasar keuangan dan bisa langsung mempraktikkannya melalui penyusunan portofolio dan proyek akhir,Project,Positif,2.0,Financial & Banking
Program ini benar-benar membantu meningkatkan kemampuan dan kepercayaan diri saya dalam menganalisis pasar,Skill,Positif,6.0,Financial & Banking
Program ini benar-benar membantu meningkatkan kemampuan dan kepercayaan diri saya dalam menganalisis pasar,Program,Positif,6.0,Financial & Banking
Terima kasih VINIX7🙌🏻,Umum,Positif,2.0,Financial & Banking
Mengikuti program Studi Independen Divisi Data Science memberikan saya pengalaman belajar yang sangat aplikatif dan relevan dengan kebutuhan industri,Karier,Positif,7.0,Data Science & ML
Mengikuti program Studi Independen Divisi Data Science memberikan saya pengalaman belajar yang sangat aplikatif dan relevan dengan kebutuhan industri,Program,Positif,7.0,Data Science & ML
"Setiap minggu saya mendapatkan tantangan baru yang memperkuat pemahaman saya tentang analisis data, pemodelan, dan visualisasi",Umum,Netral,0.0,Data Science & ML
"Melalui proyek akhir dan mini project, saya belajar bekerja sistematis menggunakan kerangka CRISP-DM dan menghasilkan solusi yang dapat digunakan mitra",Project,Positif,3.0,Data Science & ML
"Melalui proyek akhir dan mini project, saya belajar bekerja sistematis menggunakan kerangka CRISP-DM dan menghasilkan solusi yang dapat digunakan mitra",Karier,Positif,3.0,Data Science & ML
"Melalui proyek akhir dan mini project, saya belajar bekerja sistematis menggunakan kerangka CRISP-DM dan menghasilkan solusi yang dapat digunakan mitra",Program,Positif,3.0,Data Science & ML
"Secara keseluruhan, program ini sangat memperkaya keterampilan teknis sekaligus meningkatkan profesionalisme saya dalam dunia kerja berbasis data",Skill,Positif,2.0,Data Science & ML
"Secara keseluruhan, program ini sangat memperkaya keterampilan teknis sekaligus meningkatkan profesionalisme saya dalam dunia kerja berbasis data",Karier,Positif,2.0,Data Science & ML
"Secara keseluruhan, program ini sangat memperkaya keterampilan teknis sekaligus meningkatkan profesionalisme saya dalam dunia kerja berbasis data",Program,Positif,2.0,Data Science & ML
Pengalaman saya mengikuti VINIX7 Batch 3 pada Divisi Junior Data Scientist memberikan pembelajaran yang sangat berkesan,Materi,Positif,6.0,Data Science & ML
"Programnya tersusun dengan baik, materi disampaikan secara jelas, dan mentor selalu memberikan arahan yang suportif serta mudah dipahami",Mentor,Positif,8.0,Data Science & ML
"Programnya tersusun dengan baik, materi disampaikan secara jelas, dan mentor selalu memberikan arahan yang suportif serta mudah dipahami",Materi,Positif,8.0,Data Science & ML
"Programnya tersusun dengan baik, materi disampaikan secara jelas, dan mentor selalu memberikan arahan yang suportif serta mudah dipahami",Program,Positif,8.0,Data Science & ML
"Dari awal hingga akhir, saya mendapatkan wawasan baru mengenai analisis pasar keuangan, mulai dari pengenalan instrumen hingga teknik analisis yang lebih mendalam",Umum,Positif,4.0,Data Science & ML
Pengalaman saya mengikuti program Data Science di VINIX7 merupakan salah satu pengalaman yang paling berkesan,Program,Positif,6.0,Data Science & ML
"Setiap materi yang dipelajari sangat sesuai dengan kebutuhan industri, disampaikan secara jelas, serta mudah dipahami",Materi,Positif,4.0,Data Science & ML
"Setiap materi yang dipelajari sangat sesuai dengan kebutuhan industri, disampaikan secara jelas, serta mudah dipahami",Karier,Positif,4.0,Data Science & ML
Para mentor juga memberikan bimbingan yang mendorong perkembangan saya,Mentor,Positif,3.0,Data Science & ML
"Selain itu, proyek yang saya jalankan benar-benar memperluas pemahaman saya mengenai penerapan data science dalam situasi nyata",Project,Positif,2.0,Data Science & ML
"Suasana belajarnya pun sangat suportif, profesional, dan penuh insight baru",Karier,Netral,0.0,Data Science & ML
Ikut program MSIB di PT Vinix Seven Aurum di divisi Financial Market Analyst ini benar-benar pengalaman yang berharga,Program,Positif,5.0,Financial & Banking
Dari sini aku belajar banyak tentang pasar saham dan berbagai cara untuk menganalisisnya,Umum,Positif,4.0,Financial & Banking
"Kak Bimo ngajarnya enak banget, gak cuma teori tapi juga langsung praktek, jadi aku lebih gampang nangkep dan bisa langsung coba sendiri",Umum,Netral,0.0,Financial & Banking
"Suasananya juga asik, teman-teman seprogramnya seru dan mentor-mentornya ramah serta sabar banget",Mentor,Positif,10.0,Financial & Banking
"Suasananya juga asik, teman-teman seprogramnya seru dan mentor-mentornya ramah serta sabar banget",Program,Positif,10.0,Financial & Banking
Program ini bikin aku lebih yakin dan siap buat terjun ke dunia analisis pasar saham,Program,Netral,0.0,Financial & Banking
"Kalau kamu mau belajar serius soal saham dan pasar finansial, ini tempat yang bener-bener worth it",Umum,Positif,4.0,Financial & Banking
Saya mengikuti program Studi Independen di VINIX7 divisi Sosial Media Specialist dan pengalamannya sangat berkesan,Program,Positif,5.0,Tidak Disebutkan
"Materinya relevan, mentor memberikan arahan yang jelas, dan setiap sesi selalu membuka wawasan baru mengenai dunia industri kreatif, khususnya dalam bidang Social Media Specialist",Mentor,Positif,2.0,Tidak Disebutkan
"Materinya relevan, mentor memberikan arahan yang jelas, dan setiap sesi selalu membuka wawasan baru mengenai dunia industri kreatif, khususnya dalam bidang Social Media Specialist",Materi,Positif,2.0,Tidak Disebutkan
"Materinya relevan, mentor memberikan arahan yang jelas, dan setiap sesi selalu membuka wawasan baru mengenai dunia industri kreatif, khususnya dalam bidang Social Media Specialist",Karier,Positif,2.0,Tidak Disebutkan
"Selain itu, tugas-tugas yang diberikan mendorong saya untuk lebih kreatif dan berani mencoba hal baru",Project,Netral,0.0,Tidak Disebutkan
Program ini benar-benar membantu saya mengembangkan keterampilan praktis yang berguna untuk karier saya ke depannya,Skill,Positif,6.0,Tidak Disebutkan
Program ini benar-benar membantu saya mengembangkan keterampilan praktis yang berguna untuk karier saya ke depannya,Karier,Positif,6.0,Tidak Disebutkan
Program ini benar-benar membantu saya mengembangkan keterampilan praktis yang berguna untuk karier saya ke depannya,Program,Positif,6.0,Tidak Disebutkan
Sangat direkomendasikan,Umum,Netral,0.0,Tidak Disebutkan
"Selama mengikuti program Studi Independen di Vinix7 divisi Data Sains, saya mendapatkan banyak pengalaman baru yang membantu saya memahami proses kerja data secara nyata",Karier,Positif,5.0,Data Science & ML
"Selama mengikuti program Studi Independen di Vinix7 divisi Data Sains, saya mendapatkan banyak pengalaman baru yang membantu saya memahami proses kerja data secara nyata",Program,Positif,5.0,Data Science & ML
"Saya belajar mulai dari pengumpulan data, pembersihan, eksplorasi, hingga melakukan analisis dan pemodelan sederhana",Umum,Netral,0.0,Data Science & ML
"Setiap minggu terdapat tiga sesi pembelajaran melalui Zoom, di mana mentor menjelaskan materi dasar, membahas penugasan, serta memberikan contoh penerapan",Mentor,Netral,0.0,Data Science & ML
"Setiap minggu terdapat tiga sesi pembelajaran melalui Zoom, di mana mentor menjelaskan materi dasar, membahas penugasan, serta memberikan contoh penerapan",Materi,Netral,0.0,Data Science & ML
"Melalui kegiatan tersebut, saya memahami bagaimana data dapat diolah menjadi insight yang bermanfaat dan bagaimana hasil analisis disajikan dalam bentuk dashboard yang informatif",Umum,Positif,4.0,Data Science & ML
Pengalaman ini membuat saya lebih percaya diri dalam mengerjakan proyek-proyek analisis data,Project,Positif,8.0,Data Science & ML
Program MSIB Vinix7 Batch 3 pada divisi Digital Forensic Engineer memberikan pengalaman pembelajaran yang sangat bermanfaat,Materi,Positif,6.0,Cybersecurity
Program MSIB Vinix7 Batch 3 pada divisi Digital Forensic Engineer memberikan pengalaman pembelajaran yang sangat bermanfaat,Program,Positif,6.0,Cybersecurity
"Materinya tersusun dengan baik, penyampaiannya jelas, dan praktik yang diberikan relevan dengan kebutuhan industri",Materi,Positif,3.0,Cybersecurity
"Materinya tersusun dengan baik, penyampaiannya jelas, dan praktik yang diberikan relevan dengan kebutuhan industri",Project,Positif,3.0,Cybersecurity
"Materinya tersusun dengan baik, penyampaiannya jelas, dan praktik yang diberikan relevan dengan kebutuhan industri",Karier,Positif,3.0,Cybersecurity
Para mentor juga responsif serta profesional dalam mendampingi peserta,Mentor,Positif,7.0,Cybersecurity
Para mentor juga responsif serta profesional dalam mendampingi peserta,Karier,Positif,7.0,Cybersecurity
"Melalui program ini, saya memperoleh pemahaman yang lebih mendalam mengenai proses investigasi digital dan peningkatan keterampilan yang cukup signifikan",Skill,Positif,2.0,Cybersecurity
"Melalui program ini, saya memperoleh pemahaman yang lebih mendalam mengenai proses investigasi digital dan peningkatan keterampilan yang cukup signifikan",Program,Positif,2.0,Cybersecurity
"Secara keseluruhan, program ini merupakan pengalaman yang sangat baik dan berkesan",Program,Positif,10.0,Cybersecurity
Pengalaman mengikuti MSIB di VINIX7 benar-benar berkesan,Umum,Positif,5.0,Tidak Disebutkan
"Lingkungannya suportif, mentornya ramah dan berpengalaman, dan juga proses belajarnya sangat relevan dengan kebutuhan industri",Mentor,Positif,6.0,Tidak Disebutkan
"Lingkungannya suportif, mentornya ramah dan berpengalaman, dan juga proses belajarnya sangat relevan dengan kebutuhan industri",Karier,Positif,6.0,Tidak Disebutkan
"Selain itu, saya jadi bisa dapat teman-teman baru dan juga menambah skill saya",Skill,Netral,0.0,Tidak Disebutkan
Saya rekomendasikan untuk temen-temen yang mau belajar dan mendapatkan pengetahuan dunia industri ril untuk ikut MSIB VINIX7,Karier,Positif,4.0,Tidak Disebutkan
"Selama mengikuti program magang dan studi independen di Vinix Seven Aurum sebagai Junior Data Scientist, saya mendapatkan banyak pengalaman yang sangat berharga",Program,Positif,6.0,Data Science & ML
"Program ini tidak hanya memberikan teori, tetapi juga praktik nyata",Project,Positif,4.0,Data Science & ML
"Program ini tidak hanya memberikan teori, tetapi juga praktik nyata",Program,Positif,4.0,Data Science & ML
"mulai dari pengolahan data, eksplorasi dataset, analisis statistik, hingga pembuatan model machine learning dan dashboard analitik",Umum,Netral,0.0,Data Science & ML
"Dengan bimbingan mentor yang profesional, saya bisa memahami alur kerja data science secara menyeluruh dari data mentah sampai insight yang siap disajikan",Mentor,Positif,3.0,Data Science & ML
"Dengan bimbingan mentor yang profesional, saya bisa memahami alur kerja data science secara menyeluruh dari data mentah sampai insight yang siap disajikan",Karier,Positif,3.0,Data Science & ML
"Dengan bimbingan mentor yang profesional, saya bisa memahami alur kerja data science secara menyeluruh dari data mentah sampai insight yang siap disajikan",Program,Positif,3.0,Data Science & ML
Mengikuti program Data Science di VINIX7 menjadi salah satu pengalaman paling berkesan bagi saya,Program,Positif,5.0,Data Science & ML
"Materinya sangat sesuai dengan kebutuhan industri, disampaikan dengan jelas, dan mudah diikuti",Materi,Positif,4.0,Data Science & ML
"Materinya sangat sesuai dengan kebutuhan industri, disampaikan dengan jelas, dan mudah diikuti",Karier,Positif,4.0,Data Science & ML
Para mentor juga memberikan bimbingan yang sangat membantu perkembangan saya,Mentor,Positif,8.0,Data Science & ML
"\nSelain itu, proyek yang saya kerjakan benar-benar memperluas pemahaman saya tentang penerapan data science dalam situasi nyata",Project,Positif,2.0,Data Science & ML
"\nSelain itu, proyek yang saya kerjakan benar-benar memperluas pemahaman saya tentang penerapan data science dalam situasi nyata",Karier,Positif,2.0,Data Science & ML
"Suasananya pun suportif, profesional, dan memberi banyak wawasan baru",Karier,Positif,2.0,Data Science & ML
"Selama mengikuti Program MSIB di PT Vinix Seven Aurum, saya belajar banyak tentang bagaimana sebuah proyek bisnis digital dijalankan mulai dari ide, riset pasar, sampai penyusunan konsep bisnis yang matang",Project,Positif,4.0,Bisnis & Manajemen
"Selama mengikuti Program MSIB di PT Vinix Seven Aurum, saya belajar banyak tentang bagaimana sebuah proyek bisnis digital dijalankan mulai dari ide, riset pasar, sampai penyusunan konsep bisnis yang matang",Program,Positif,4.0,Bisnis & Manajemen
"Setiap minggu saya mengikuti briefing, diskusi kelompok, kelas soft skill, hingga English Course, yang membantu saya memahami proses kerja secara profesional",Skill,Positif,7.0,Bisnis & Manajemen
"Setiap minggu saya mengikuti briefing, diskusi kelompok, kelas soft skill, hingga English Course, yang membantu saya memahami proses kerja secara profesional",Karier,Positif,7.0,Bisnis & Manajemen
"Di divisi entrepreneurship, saya terlibat langsung dalam analisis SWOT, design thinking, pembuatan Business Model Canvas, sampai pengembangan konsep bisnis sendiri",Umum,Netral,0.0,Bisnis & Manajemen
"Pengalaman ini benar-benar mengasah kemampuan kolaborasi, komunikasi, dan problem solving saya sebagai mahasiswa yang sedang tumbuh di dunia bisnis digital",Skill,Positif,1.0,Bisnis & Manajemen
"Pengalaman ini benar-benar mengasah kemampuan kolaborasi, komunikasi, dan problem solving saya sebagai mahasiswa yang sedang tumbuh di dunia bisnis digital",Program,Positif,1.0,Bisnis & Manajemen
"Bergabung dengan program MSIB di VINIX7, khususnya pada divisi Web Development & UI/UX, merupakan pengalaman transformatif bagi pengembangan karier saya",Karier,Netral,1.0,Web Dev & UI/UX
"Bergabung dengan program MSIB di VINIX7, khususnya pada divisi Web Development & UI/UX, merupakan pengalaman transformatif bagi pengembangan karier saya",Program,Netral,1.0,Web Dev & UI/UX
"Kurikulum yang disajikan sangat komprehensif, memadukan estetika desain dengan logika pemrograman yang selaras dengan standar industri terkini",Materi,Netral,0.0,Web Dev & UI/UX
"Kurikulum yang disajikan sangat komprehensif, memadukan estetika desain dengan logika pemrograman yang selaras dengan standar industri terkini",Karier,Netral,0.0,Web Dev & UI/UX
"Para mentor tidak hanya memberikan bimbingan teknis yang solutif, tetapi juga membangun pola pikir problem-solving yang kritis",Mentor,Positif,5.0,Web Dev & UI/UX
"Para mentor tidak hanya memberikan bimbingan teknis yang solutif, tetapi juga membangun pola pikir problem-solving yang kritis",Skill,Positif,5.0,Web Dev & UI/UX
"Didukung oleh ekosistem belajar yang kolaboratif dan suportif, program ini sangat saya rekomendasikan bagi talenta digital yang ingin menguasai end-to-end product development secara profesional",Karier,Positif,7.0,Web Dev & UI/UX
"Didukung oleh ekosistem belajar yang kolaboratif dan suportif, program ini sangat saya rekomendasikan bagi talenta digital yang ingin menguasai end-to-end product development secara profesional",Program,Positif,7.0,Web Dev & UI/UX
Pengalaman MSIB di VINIX7 benar-benar berkesan,Umum,Positif,5.0,Web Dev & UI/UX
"Saya belajar banyak tentang Web Development & UI/UX, mulai dari riset pengguna, desain di Figma, hingga implementasi tampilan yang responsif",Umum,Positif,8.0,Web Dev & UI/UX
Mentornya sangat suportif dan selalu memberikan arahan yang jelas,Mentor,Positif,7.0,Web Dev & UI/UX
"Lingkungan belajarnya nyaman, profesional, dan mendorong saya untuk terus berkembang",Karier,Positif,3.0,Web Dev & UI/UX
Sangat direkomendasikan bagi siapa pun yang ingin meningkatkan skill di dunia teknologi,Skill,Positif,2.0,Web Dev & UI/UX
Selama Saya mengikuti program Magang & Studi Independen pada DIvisi WebDev & UI/UX,Program,Netral,0.0,Web Dev & UI/UX
"Saya memperoleh banyak pengalaman berharga, mulai dari mempelajari dasar hingga proses lanjutan pembuatan desain UI dan pengembangan website",Umum,Positif,5.0,Web Dev & UI/UX
Materi mingguan yang beragam dan saling berkaitan sangat membantu pemahaman saya,Materi,Positif,5.0,Web Dev & UI/UX
"Program ini juga melatih kemampuan komunikasi dan kolaborasi karena saya bekerja bersama mahasiswa dari berbagai universitas, sehingga interaksi dalam penugasan maupun proyek akhir menjadi pengalaman penting untuk kerja tim",Project,Netral,1.0,Web Dev & UI/UX
"Program ini juga melatih kemampuan komunikasi dan kolaborasi karena saya bekerja bersama mahasiswa dari berbagai universitas, sehingga interaksi dalam penugasan maupun proyek akhir menjadi pengalaman penting untuk kerja tim",Skill,Netral,1.0,Web Dev & UI/UX
"Program ini juga melatih kemampuan komunikasi dan kolaborasi karena saya bekerja bersama mahasiswa dari berbagai universitas, sehingga interaksi dalam penugasan maupun proyek akhir menjadi pengalaman penting untuk kerja tim",Karier,Netral,1.0,Web Dev & UI/UX
"Program ini juga melatih kemampuan komunikasi dan kolaborasi karena saya bekerja bersama mahasiswa dari berbagai universitas, sehingga interaksi dalam penugasan maupun proyek akhir menjadi pengalaman penting untuk kerja tim",Program,Netral,1.0,Web Dev & UI/UX
Aku ikut program magang VINIX7 Batch 3 dan pengalaman yang aku dapat benar-benar worth it,Program,Positif,5.0,Tidak Disebutkan
"Mentornya ramah, penjelasannya gampang dipahami, dan bimbingannya membantu banget buat ningkatin skill analisisku",Mentor,Positif,4.0,Tidak Disebutkan
"Mentornya ramah, penjelasannya gampang dipahami, dan bimbingannya membantu banget buat ningkatin skill analisisku",Skill,Positif,4.0,Tidak Disebutkan
Materinya juga relevan sama dunia kerja sekarang,Materi,Positif,3.0,Tidak Disebutkan
Materinya juga relevan sama dunia kerja sekarang,Karier,Positif,3.0,Tidak Disebutkan
"Selama magang, suasananya enak dan supportif, jadi belajar terasa lebih nyaman",Umum,Netral,0.0,Tidak Disebutkan
Senang  bisa jadi bagian dari Batch 3,Umum,Positif,4.0,Tidak Disebutkan
Pengalaman saya mengikuti program studi independen di PT VINIX7 Batch 3 pada Divisi data science memberikan pembelajaran yang sangat berkesan,Materi,Positif,6.0,Data Science & ML
Pengalaman saya mengikuti program studi independen di PT VINIX7 Batch 3 pada Divisi data science memberikan pembelajaran yang sangat berkesan,Program,Positif,6.0,Data Science & ML
"Programnya tersusun dengan baik, materi disampaikan secara jelas, dan mentor selalu memberikan arahan yang suportif serta mudah dipahami",Mentor,Positif,8.0,Data Science & ML
"Programnya tersusun dengan baik, materi disampaikan secara jelas, dan mentor selalu memberikan arahan yang suportif serta mudah dipahami",Materi,Positif,8.0,Data Science & ML
"Programnya tersusun dengan baik, materi disampaikan secara jelas, dan mentor selalu memberikan arahan yang suportif serta mudah dipahami",Program,Positif,8.0,Data Science & ML
Tempat bagus untuk belajar Data Science dari nol,Umum,Positif,4.0,Data Science & ML
"Mentor-mentornya sangat kompeten, sabar, dan insightful banget dalam membimbing kami, terutama saat sesi live code dan diskusi proyek",Mentor,Positif,4.0,Data Science & ML
"Mentor-mentornya sangat kompeten, sabar, dan insightful banget dalam membimbing kami, terutama saat sesi live code dan diskusi proyek",Project,Positif,4.0,Data Science & ML
"Suasana belajarnya juga suportif, meskipun daring tapi interaksi antar peserta dan mentor sangat hidup",Mentor,Netral,0.0,Data Science & ML
Terima kasih VINIX7 atas ilmu dan pengalamannya selama satu semester ini,Umum,Positif,4.0,Data Science & ML
"Selama magang di Vinix7 sebagai Junior Web Development & UI/UX, saya mendapat kesempatan luar biasa untuk mengasah ketrampilan teknis dan kreativitas dalam pengembangan antarmuka pengguna",Skill,Positif,7.0,Web Dev & UI/UX
Proyek yang tim saya kerjakan memberikan pengalaman langsung dalam merancang desain yang tidak hanya menarik tetapi juga fungsional dan user-friendly,Project,Positif,-2.0,Web Dev & UI/UX
Proyek yang tim saya kerjakan memberikan pengalaman langsung dalam merancang desain yang tidak hanya menarik tetapi juga fungsional dan user-friendly,Karier,Positif,-2.0,Web Dev & UI/UX
Saya merasa sangat beruntung memiliki mentor yang luar biasa,Mentor,Positif,8.0,Web Dev & UI/UX
"Bimbingan dan dukungan yang saya terima sangat berharga, terutama dalam menghadapi tantangan teknis dan memahami prinsip-prinsip desain yang lebih dalam",Skill,Positif,8.0,Web Dev & UI/UX
\n\nTerima kasih VINIX7 dan mentor atas kesempatan dan pengalaman yang luar biasa ini,Mentor,Positif,10.0,Web Dev & UI/UX
VINIX7 memberikan pengalaman belajar yang sangat positif,Umum,Positif,1.0,Tidak Disebutkan
"Mentornya berpengalaman, materi yang disampaikan mudah dipahami, dan banyak sesi praktik yang langsung bisa diterapkan di dunia kerja",Mentor,Positif,4.0,Tidak Disebutkan
"Mentornya berpengalaman, materi yang disampaikan mudah dipahami, dan banyak sesi praktik yang langsung bisa diterapkan di dunia kerja",Materi,Positif,4.0,Tidak Disebutkan
"Mentornya berpengalaman, materi yang disampaikan mudah dipahami, dan banyak sesi praktik yang langsung bisa diterapkan di dunia kerja",Project,Positif,4.0,Tidak Disebutkan
"Mentornya berpengalaman, materi yang disampaikan mudah dipahami, dan banyak sesi praktik yang langsung bisa diterapkan di dunia kerja",Karier,Positif,4.0,Tidak Disebutkan
Lingkungan belajarnya juga sangat kondusif,Umum,Netral,0.0,Tidak Disebutkan
Sangat direkomendasikan untuk siapa pun yang ingin mengembangkan kompetensi dan merencanakan karier dengan lebih terarah,Skill,Positif,5.0,Tidak Disebutkan
Sangat direkomendasikan untuk siapa pun yang ingin mengembangkan kompetensi dan merencanakan karier dengan lebih terarah,Karier,Positif,5.0,Tidak Disebutkan
"Saya baru selesai mengikuti program MSIB pada divisi Web Development dan UI/UX, dan selama belajar di sini saya mendapatkan banyak ilmu praktis yang sangat relevan dengan kebutuhan industri",Karier,Positif,5.0,Web Dev & UI/UX
"Saya baru selesai mengikuti program MSIB pada divisi Web Development dan UI/UX, dan selama belajar di sini saya mendapatkan banyak ilmu praktis yang sangat relevan dengan kebutuhan industri",Program,Positif,5.0,Web Dev & UI/UX
"Mentor-mentornya sangat supportif, komunikatif, dan selalu memberikan arahan yang jelas",Mentor,Positif,3.0,Web Dev & UI/UX
"Proyek yang dikerjakan juga nyata dan menantang, sehingga membuat saya berkembang baik secara teknis maupun dalam kemampuan problem solving",Project,Positif,6.0,Web Dev & UI/UX
"Proyek yang dikerjakan juga nyata dan menantang, sehingga membuat saya berkembang baik secara teknis maupun dalam kemampuan problem solving",Skill,Positif,6.0,Web Dev & UI/UX
"Proyek yang dikerjakan juga nyata dan menantang, sehingga membuat saya berkembang baik secara teknis maupun dalam kemampuan problem solving",Karier,Positif,6.0,Web Dev & UI/UX
Ikut program Data Science di VINIX7 benar-benar jadi salah satu pengalaman paling berkesan buat saya,Program,Positif,5.0,Data Science & ML
"Materinya up-to-date banget sama kebutuhan industri saat ini, penyampaiannya jelas, runut, dan gampang dicerna bahkan buat yang baru mulai",Materi,Netral,0.0,Data Science & ML
"Materinya up-to-date banget sama kebutuhan industri saat ini, penyampaiannya jelas, runut, dan gampang dicerna bahkan buat yang baru mulai",Karier,Netral,0.0,Data Science & ML
\nMentor-mentornya super suportif dan memberikan feedback yang bikin saya tumbuh pesat,Mentor,Positif,4.0,Data Science & ML
"Proyek-proyeknya juga realistis, langsung kasih gambaran nyata bagaimana data science dipakai di dunia kerja",Project,Netral,0.0,Data Science & ML
"Proyek-proyeknya juga realistis, langsung kasih gambaran nyata bagaimana data science dipakai di dunia kerja",Karier,Netral,0.0,Data Science & ML
"Suasananya profesional tapi tetap hangat, penuh insight baru yang bikin perspektif saya terbuka lebar",Karier,Positif,3.0,Data Science & ML
"Program disini memberikan pengalaman belajar yang sangat bermanfaat karena memungkinkan mahasiswa terjun langsung ke dunia kerja, mengaplikasikan teori secara nyata, dan mengembangkan keterampilan profesional yang relevan dengan kebutuhan industri",Skill,Positif,14.0,Tidak Disebutkan
"Program disini memberikan pengalaman belajar yang sangat bermanfaat karena memungkinkan mahasiswa terjun langsung ke dunia kerja, mengaplikasikan teori secara nyata, dan mengembangkan keterampilan profesional yang relevan dengan kebutuhan industri",Karier,Positif,14.0,Tidak Disebutkan
"Program disini memberikan pengalaman belajar yang sangat bermanfaat karena memungkinkan mahasiswa terjun langsung ke dunia kerja, mengaplikasikan teori secara nyata, dan mengembangkan keterampilan profesional yang relevan dengan kebutuhan industri",Program,Positif,14.0,Tidak Disebutkan
"Melalui aktivitas proyek, kolaborasi tim, pendampingan mentor, serta penyelesaian studi kasus riil, mahasiswa menjadi lebih siap menghadapi tantangan karier dan mampu membangun pola pikir problem-solving yang matang",Mentor,Positif,2.0,Tidak Disebutkan
"Melalui aktivitas proyek, kolaborasi tim, pendampingan mentor, serta penyelesaian studi kasus riil, mahasiswa menjadi lebih siap menghadapi tantangan karier dan mampu membangun pola pikir problem-solving yang matang",Project,Positif,2.0,Tidak Disebutkan
"Melalui aktivitas proyek, kolaborasi tim, pendampingan mentor, serta penyelesaian studi kasus riil, mahasiswa menjadi lebih siap menghadapi tantangan karier dan mampu membangun pola pikir problem-solving yang matang",Karier,Positif,2.0,Tidak Disebutkan
"Program ini juga mendorong kemandirian, kreativitas, dan kepercayaan diri mahasiswa, sehingga memberikan dampak positif yang signifikan terhadap peningkatan kompetensi akademik maupun soft skills yang tidak sepenuhnya bisa diperoleh di ruang kelas",Skill,Netral,0.0,Tidak Disebutkan
"Program ini juga mendorong kemandirian, kreativitas, dan kepercayaan diri mahasiswa, sehingga memberikan dampak positif yang signifikan terhadap peningkatan kompetensi akademik maupun soft skills yang tidak sepenuhnya bisa diperoleh di ruang kelas",Program,Netral,0.0,Tidak Disebutkan
Belajar di VINIX7 tuh seru parah,Umum,Positif,4.0,Tidak Disebutkan
"\nMentornya enak banget ngajarnya, nggak bikin tegang, dan materinya relate sama dunia kerja",Mentor,Netral,0.0,Tidak Disebutkan
"\nMentornya enak banget ngajarnya, nggak bikin tegang, dan materinya relate sama dunia kerja",Materi,Netral,0.0,Tidak Disebutkan
"\nMentornya enak banget ngajarnya, nggak bikin tegang, dan materinya relate sama dunia kerja",Karier,Netral,0.0,Tidak Disebutkan
Setiap sesi selalu ada hal baru yang bikin makin paham,Umum,Netral,0.0,Tidak Disebutkan
"Suasana belajarnya juga asik, jadi nggak berasa lagi “kelas”, lebih kayak sharing tapi tetap banyak ilmu",Umum,Positif,2.0,Tidak Disebutkan
\n\nBener-bener worth it buat yang mau nambah skill,Skill,Positif,4.0,Tidak Disebutkan
"Saya mengikuti program Studi Independen di Vinix7 batch 3 sebagai peserta divisi Data Sains, dan pengalaman belajar yang saya dapat benar-benar memuaskan",Program,Positif,5.0,Data Science & ML
"Materinya sangat terstruktur, mulai dari data cleaning, eksplorasi data, visualisasi, hingga modelling dan clustering, semuanya dijelaskan dengan cara yang mudah dipahami",Materi,Positif,4.0,Data Science & ML
"Materinya sangat terstruktur, mulai dari data cleaning, eksplorasi data, visualisasi, hingga modelling dan clustering, semuanya dijelaskan dengan cara yang mudah dipahami",Program,Positif,4.0,Data Science & ML
Gabung di program Study Independent Vinix bener-bener ngubah cara aku belajar,Program,Netral,0.0,Tidak Disebutkan
"Mentornya ramah, ngajarnya jelas, dan semua tugas yang dikasih itu real case dari industri,jadi kerasa banget manfaatnya",Mentor,Netral,0.0,Tidak Disebutkan
"Mentornya ramah, ngajarnya jelas, dan semua tugas yang dikasih itu real case dari industri,jadi kerasa banget manfaatnya",Project,Netral,0.0,Tidak Disebutkan
"Mentornya ramah, ngajarnya jelas, dan semua tugas yang dikasih itu real case dari industri,jadi kerasa banget manfaatnya",Karier,Netral,0.0,Tidak Disebutkan
"Pembelajarannya fleksibel, tapi tetap terarah, jadi aku bisa berkembang tanpa kewalahan",Materi,Positif,3.0,Tidak Disebutkan
"Yang paling kerasa, skill aku naik, portofolio makin rapi, dan aku jauh lebih siap masuk dunia kerja",Project,Netral,0.0,Tidak Disebutkan
"Yang paling kerasa, skill aku naik, portofolio makin rapi, dan aku jauh lebih siap masuk dunia kerja",Skill,Netral,0.0,Tidak Disebutkan
"Yang paling kerasa, skill aku naik, portofolio makin rapi, dan aku jauh lebih siap masuk dunia kerja",Karier,Netral,0.0,Tidak Disebutkan
"Ikut Vinix itu bukan cuma belajar teknologi, tapi juga belajar cara berpikir profesional",Karier,Positif,3.0,Tidak Disebutkan
Bener-bener pengalaman yang berharga,Umum,Positif,5.0,Tidak Disebutkan
Tempat terbaik untuk belajar Financial Market Analysis dari nol sampai mahir,Umum,Positif,4.0,Financial & Banking
"Selama magang di sini, saya mendapatkan hard skill yang sangat mahal harganya, seperti cara menghitung Beta saham, menggunakan TradingView, analisis risiko kripto, hingga memahami behavioral finance",Skill,Netral,0.0,Financial & Banking
Tugas-tugasnya menantang (seperti studi kasus LUNA/Terra) tapi sangat relevan dengan kondisi pasar saat ini,Project,Positif,3.0,Financial & Banking
Terima kasih VINIX7 atas ilmu dan kesempatannya,Umum,Positif,4.0,Financial & Banking
Mengikuti program Data Sains di Vinix7 merupakan salah satu pengalaman yang sangat berharga bagi saya,Program,Positif,6.0,Data Science & ML
"Kurikulumnya dirancang dengan baik dan relevan dengan industri saat ini, yang membuat saya bisa memahami materi sulit tanpa merasa terbebani",Materi,Positif,6.0,Data Science & ML
"Kurikulumnya dirancang dengan baik dan relevan dengan industri saat ini, yang membuat saya bisa memahami materi sulit tanpa merasa terbebani",Karier,Positif,6.0,Data Science & ML
"Saya juga sangat terbantu oleh mentor yang ahli, namun tetap ramah dan sabar dalam memandu setiap tahapan proyek",Mentor,Positif,6.0,Data Science & ML
"Saya juga sangat terbantu oleh mentor yang ahli, namun tetap ramah dan sabar dalam memandu setiap tahapan proyek",Project,Positif,6.0,Data Science & ML
"Berkat support dan materi yang nyaman dipahami ini, saya kini memiliki kesiapan yang matang untuk menghadapi tantangan di bidang Data Sains",Materi,Netral,0.0,Data Science & ML
Mengikuti program VINIX7 Batch 3 merupakan pengalaman yang sangat berharga dan memberikan banyak manfaat bagi saya,Program,Positif,6.0,Tidak Disebutkan
"Materi yang disampaikan tersusun rapi dan mudah dipahami, khususnya bagi pemula yang ingin mulai mengenal dunia UI/UX development",Materi,Positif,4.0,Tidak Disebutkan
"Para mentor juga bersikap ramah, responsif, dan selalu memberikan penjelasan yang jelas di setiap sesi",Mentor,Positif,3.0,Tidak Disebutkan
"Hal yang paling saya hargai adalah metode pembelajaran berbasis proyek, karena membantu saya memahami penerapan desain antarmuka dan pengalaman pengguna pada studi kasus nyata",Materi,Positif,5.0,Tidak Disebutkan
"Hal yang paling saya hargai adalah metode pembelajaran berbasis proyek, karena membantu saya memahami penerapan desain antarmuka dan pengalaman pengguna pada studi kasus nyata",Project,Positif,5.0,Tidak Disebutkan
Terima kasih VINIX7 atas pengalaman belajarnya,Umum,Positif,3.0,Tidak Disebutkan
Saya mengikuti Program Studi Independen di Vinix7 dan pengalamannya sangat berkesan,Program,Positif,5.0,Tidak Disebutkan
"Materinya terstruktur, mentor sangat suportif, dan project All Weather Portfolio benar-benar membuka wawasan saya tentang dunia financial market",Mentor,Positif,2.0,Tidak Disebutkan
"Materinya terstruktur, mentor sangat suportif, dan project All Weather Portfolio benar-benar membuka wawasan saya tentang dunia financial market",Materi,Positif,2.0,Tidak Disebutkan
"Materinya terstruktur, mentor sangat suportif, dan project All Weather Portfolio benar-benar membuka wawasan saya tentang dunia financial market",Project,Positif,2.0,Tidak Disebutkan
"Materinya terstruktur, mentor sangat suportif, dan project All Weather Portfolio benar-benar membuka wawasan saya tentang dunia financial market",Program,Positif,2.0,Tidak Disebutkan
Sangat recommended untuk mahasiswa yang ingin meningkatkan skill analisis pasar dan portofolio investasi,Project,Positif,6.0,Tidak Disebutkan
Sangat recommended untuk mahasiswa yang ingin meningkatkan skill analisis pasar dan portofolio investasi,Skill,Positif,6.0,Tidak Disebutkan
Saya mengikuti Studi Independen di VINIX7 sebagai Web Developer & UI/UX,Umum,Netral,0.0,Web Dev & UI/UX
"Pengalamannya sangat bermanfaat karena saya belajar alur kerja industri mulai dari analisis kebutuhan, desain UI/UX, hingga implementasi front-end",Karier,Positif,5.0,Web Dev & UI/UX
"Pengalamannya sangat bermanfaat karena saya belajar alur kerja industri mulai dari analisis kebutuhan, desain UI/UX, hingga implementasi front-end",Program,Positif,5.0,Web Dev & UI/UX
Mentornya supportive dan project yang diberikan benar-benar melatih skill praktik,Mentor,Positif,4.0,Web Dev & UI/UX
Mentornya supportive dan project yang diberikan benar-benar melatih skill praktik,Project,Positif,4.0,Web Dev & UI/UX
Mentornya supportive dan project yang diberikan benar-benar melatih skill praktik,Skill,Positif,4.0,Web Dev & UI/UX
Programnya terstruktur dan cocok untuk yang ingin meningkatkan kemampuan web development,Skill,Positif,5.0,Web Dev & UI/UX
Programnya terstruktur dan cocok untuk yang ingin meningkatkan kemampuan web development,Program,Positif,5.0,Web Dev & UI/UX
"Mengikuti program magang di VINIX7, khususnya Divisi Project Management, menjadi pengalaman yang sangat berharga",Project,Positif,6.0,Bisnis & Manajemen
"Mengikuti program magang di VINIX7, khususnya Divisi Project Management, menjadi pengalaman yang sangat berharga",Program,Positif,6.0,Bisnis & Manajemen
"Pembelajaran disampaikan dengan jelas, terarah, dan relevan dengan kebutuhan industri",Materi,Positif,3.0,Bisnis & Manajemen
"Pembelajaran disampaikan dengan jelas, terarah, dan relevan dengan kebutuhan industri",Karier,Positif,3.0,Bisnis & Manajemen
Mentor juga sangat suportif dan membantu peserta memahami konsep secara praktis,Mentor,Positif,8.0,Bisnis & Manajemen
"Lingkungannya positif, komunikatif, dan mendorong pengembangan skill secara nyata",Skill,Netral,0.0,Bisnis & Manajemen
Sangat direkomendasikan untuk siapa pun yang ingin meningkatkan kemampuan manajemen proyek secara profesional,Project,Positif,5.0,Bisnis & Manajemen
Sangat direkomendasikan untuk siapa pun yang ingin meningkatkan kemampuan manajemen proyek secara profesional,Skill,Positif,5.0,Bisnis & Manajemen
Sangat direkomendasikan untuk siapa pun yang ingin meningkatkan kemampuan manajemen proyek secara profesional,Karier,Positif,5.0,Bisnis & Manajemen
Sangat direkomendasikan untuk siapa pun yang ingin meningkatkan kemampuan manajemen proyek secara profesional,Program,Positif,5.0,Bisnis & Manajemen
Aku ikut Studi Independen di Vinix7 di Divisi Brand Design & Marketer,Umum,Netral,0.0,Brand & Marketing
"Setelah ngejalaninnya, menurutku programnya bagus banget buat pemula, materinya jelas, mudah dipahami, dan bener-bener ngebantu buat ngerti dasar-dasarnya",Materi,Positif,9.0,Brand & Marketing
"Setelah ngejalaninnya, menurutku programnya bagus banget buat pemula, materinya jelas, mudah dipahami, dan bener-bener ngebantu buat ngerti dasar-dasarnya",Program,Positif,9.0,Brand & Marketing
"Ditambah lagi, setiap tugas selalu dikasih feedback yang penting banget buat improvement",Project,Netral,0.0,Brand & Marketing
"Mentornya juga afirmatif dan suportif, jadi makin semangat belajar",Mentor,Netral,0.0,Brand & Marketing
\n\nSetiap minggu rasanya selalu dapat wawasan baru seputar branding dan marketing,Umum,Positif,2.0,Brand & Marketing
Program Magang Vinix 7 memberikan pengalaman belajar yang sangat berharga,Program,Positif,6.0,Tidak Disebutkan
"Materi yang disampaikan relevan dengan dunia kerja, terutama dalam bidang digital forensik",Materi,Positif,3.0,Tidak Disebutkan
"Materi yang disampaikan relevan dengan dunia kerja, terutama dalam bidang digital forensik",Karier,Positif,3.0,Tidak Disebutkan
"Mentor-mentornya responsif, jelas saat menjelaskan, dan selalu memberikan arahan ketika saya mengalami kesulitan",Mentor,Positif,3.0,Tidak Disebutkan
"Selama mengikuti program ini, saya memperoleh banyak wawasan praktis yang sebelumnya tidak saya dapatkan di perkuliahan",Program,Positif,2.0,Tidak Disebutkan
Sangat direkomendasikan bagi mahasiswa yang ingin mengembangkan kompetensi secara nyata,Skill,Positif,2.0,Tidak Disebutkan
Saya telah mengikuti program Studi Independen di divisi Data Science Vinix7 yang bisa konversi 20 sks ke kampus dan pengalaman belajarnya sangat terstruktur serta relevan dengan kebutuhan industri,Karier,Positif,7.0,Data Science & ML
Saya telah mengikuti program Studi Independen di divisi Data Science Vinix7 yang bisa konversi 20 sks ke kampus dan pengalaman belajarnya sangat terstruktur serta relevan dengan kebutuhan industri,Program,Positif,7.0,Data Science & ML
"Mentor-mentornya responsif, berpengalaman, dan mampu membimbing dari fundamental hingga penerapan nyata berbasis final project",Mentor,Netral,0.0,Data Science & ML
"Mentor-mentornya responsif, berpengalaman, dan mampu membimbing dari fundamental hingga penerapan nyata berbasis final project",Project,Netral,0.0,Data Science & ML
Sistem pembelajaran suportif dan sangat membantu saya meningkatkan skill praktis di dunia data,Materi,Positif,11.0,Data Science & ML
Sistem pembelajaran suportif dan sangat membantu saya meningkatkan skill praktis di dunia data,Skill,Positif,11.0,Data Science & ML
Sistem pembelajaran suportif dan sangat membantu saya meningkatkan skill praktis di dunia data,Program,Positif,11.0,Data Science & ML
Program Financial Market Analyst di VINIX7 sangat bermanfaat dan berkualitas,Program,Positif,9.0,Financial & Banking
"Materinya relevan dengan dunia industri keuangan, penyampaiannya jelas, dan mentornya sangat membantu dalam memahami analisis pasar serta instrumen investasi",Mentor,Positif,8.0,Financial & Banking
"Materinya relevan dengan dunia industri keuangan, penyampaiannya jelas, dan mentornya sangat membantu dalam memahami analisis pasar serta instrumen investasi",Materi,Positif,8.0,Financial & Banking
"Materinya relevan dengan dunia industri keuangan, penyampaiannya jelas, dan mentornya sangat membantu dalam memahami analisis pasar serta instrumen investasi",Karier,Positif,8.0,Financial & Banking
Proyek yang diberikan juga aplikatif dan menambah wawasan tentang dunia kerja nyata,Project,Positif,5.0,Financial & Banking
Proyek yang diberikan juga aplikatif dan menambah wawasan tentang dunia kerja nyata,Karier,Positif,5.0,Financial & Banking
Lingkungan belajar suportif dan profesional,Karier,Positif,7.0,Financial & Banking
Sangat direkomendasikan,Umum,Netral,0.0,Financial & Banking
Pengalaman saya mengikuti program Data Science di VINIX7 menjadi salah satu pengalaman terbaik saya,Program,Positif,5.0,Data Science & ML
"Materi yang diberikan sangat relevan dengan kebutuhan industri, disampaikan dengan jelas, dan mudah dipahami",Materi,Positif,7.0,Data Science & ML
"Materi yang diberikan sangat relevan dengan kebutuhan industri, disampaikan dengan jelas, dan mudah dipahami",Karier,Positif,7.0,Data Science & ML
Mentornya memberikan arahan yang membantu saya berkembang,Mentor,Positif,7.0,Data Science & ML
"\nSelain itu, proyek yang saya kerjakan benar-benar membuka wawasan tentang penerapan data science di dunia nyata",Project,Positif,2.0,Data Science & ML
"\nSelain itu, proyek yang saya kerjakan benar-benar membuka wawasan tentang penerapan data science di dunia nyata",Karier,Positif,2.0,Data Science & ML
"Lingkungannya suportif, profesional, dan memberikan banyak insight baru",Karier,Netral,0.0,Data Science & ML
Program VINIX7 Batch 3 benar-benar memberikan pengalaman belajar data science yang terarah dan aplikatif,Program,Positif,7.0,Data Science & ML
"Mulai dari data cleaning, EDA, visualisasi, hingga model machine learning dasar semuanya dipelajari step by step",Umum,Netral,0.0,Data Science & ML
"Mentornya responsif, materinya mudah dipahami, dan tugasnya sangat membuka wawasan tentang analisis data nyata",Mentor,Positif,6.0,Data Science & ML
"Mentornya responsif, materinya mudah dipahami, dan tugasnya sangat membuka wawasan tentang analisis data nyata",Materi,Positif,6.0,Data Science & ML
"Mentornya responsif, materinya mudah dipahami, dan tugasnya sangat membuka wawasan tentang analisis data nyata",Project,Positif,6.0,Data Science & ML
Sangat direkomendasikan,Umum,Netral,0.0,Data Science & ML
"Selama mengikuti Studi Independen di PT Vinix Seven Aurum sebagai Junior Financial Market Analyst, saya mendapatkan banyak pengalaman baru",Umum,Netral,1.0,Financial & Banking
"Di sini saya belajar memahami pasar keuangan, menganalisis data, sampai membuat laporan yang lebih terstruktur",Program,Positif,3.0,Financial & Banking
Mentor-mentor juga sangat membantu dan selalu memberikan arahan yang jelas,Mentor,Positif,8.0,Financial & Banking
Program ini benar-benar membuka wawasan saya tentang dunia investasi dan membuat saya lebih percaya diri dalam menganalisis pasar,Program,Positif,9.0,Financial & Banking
Terima kasih Vinix Seven Aurum untuk kesempatan yang berharga ini,Umum,Positif,8.0,Financial & Banking
Pengalaman saya sangat berkesan dan seru karena di Vinix kita mendapatkan beberapa kondisi yang memuaskan seperti\n1,Umum,Positif,14.0,Tidak Disebutkan
"Pembagian jadwal yang tersusun rapi dan tidak bertabrakan membuat proses belajar mengajar menjadi lebih efektif dan efisien, sehingga peserta dapat memanfaatkan waktu dengan sebaik mungkin",Program,Positif,3.0,Tidak Disebutkan
Pembagian modul yang rapi dan mudah dipahami membantu peserta untuk memahami materi dengan lebih baik dan meningkatkan kemampuan dalam menyerap informasi,Materi,Positif,13.0,Tidak Disebutkan
Pembagian modul yang rapi dan mudah dipahami membantu peserta untuk memahami materi dengan lebih baik dan meningkatkan kemampuan dalam menyerap informasi,Skill,Positif,13.0,Tidak Disebutkan
Modul yang diberikan dalam bentuk e-modul yang dapat di akses setiap saat,Materi,Netral,0.0,Tidak Disebutkan
"Mentor yang menjelaskan materi dengan jelas dan tidak terburu-buru membuat peserta merasa lebih nyaman dan dapat memahami konsep dengan lebih baik, sehingga meningkatkan kualitas pembelajaran",Mentor,Positif,5.0,Tidak Disebutkan
"Mentor yang menjelaskan materi dengan jelas dan tidak terburu-buru membuat peserta merasa lebih nyaman dan dapat memahami konsep dengan lebih baik, sehingga meningkatkan kualitas pembelajaran",Materi,Positif,5.0,Tidak Disebutkan
"Person In Charge (PIC) divisi yang responsif dan cepat tanggap dalam merespons pertanyaan dan kebutuhan peserta, sehingga menciptakan lingkungan belajar yang kondusif dan mendukung",Mentor,Positif,4.0,Tidak Disebutkan
Pengalaman studi independen yang sangat menyenangkan dan bermanfaat,Umum,Positif,9.0,Tidak Disebutkan
Mentor profesional dan jelas dalam menyampaikan materi,Mentor,Positif,6.0,Tidak Disebutkan
Mentor profesional dan jelas dalam menyampaikan materi,Materi,Positif,6.0,Tidak Disebutkan
Mentor profesional dan jelas dalam menyampaikan materi,Karier,Positif,6.0,Tidak Disebutkan
"Terimakasih kepada VINIX7 yang telah mengadakan program untuk menambah pembekalan, pengalaman, dan motivasi di masa mendatang",Program,Positif,3.0,Tidak Disebutkan
"Tak lupa saya sampaikan pula terimakasih kepada Mentor Divisi Cybersecurity Kak Andri yang telah membimbing, mengarahkan dan memotivasi selama program berjalan",Mentor,Netral,0.0,Tidak Disebutkan
"Tak lupa saya sampaikan pula terimakasih kepada Mentor Divisi Cybersecurity Kak Andri yang telah membimbing, mengarahkan dan memotivasi selama program berjalan",Program,Netral,0.0,Tidak Disebutkan
Saya sangat puas mengikuti program di VINIX7,Program,Positif,5.0,Tidak Disebutkan
"Materinya jelas, terstruktur, dan langsung diterapkan melalui proyek nyata",Materi,Netral,0.0,Tidak Disebutkan
"Materinya jelas, terstruktur, dan langsung diterapkan melalui proyek nyata",Project,Netral,0.0,Tidak Disebutkan
"Materinya jelas, terstruktur, dan langsung diterapkan melalui proyek nyata",Program,Netral,0.0,Tidak Disebutkan
"Mentor ramah, profesional, dan selalu memberikan feedback yang membangun",Mentor,Positif,4.0,Tidak Disebutkan
"Mentor ramah, profesional, dan selalu memberikan feedback yang membangun",Karier,Positif,4.0,Tidak Disebutkan
Lingkungan belajarnya juga aktif dan menyenangkan,Umum,Positif,4.0,Tidak Disebutkan
"Selama program, saya belajar banyak tentang UI/UX, HTML, CSS, dan Webflow, sampai akhirnya bisa membuat final project yang benar-benar membanggakan",Project,Positif,4.0,Tidak Disebutkan
"Selama program, saya belajar banyak tentang UI/UX, HTML, CSS, dan Webflow, sampai akhirnya bisa membuat final project yang benar-benar membanggakan",Program,Positif,4.0,Tidak Disebutkan
Sangat direkomendasikan untuk yang ingin meningkatkan skill digital secara serius,Skill,Positif,2.0,Tidak Disebutkan
Program MSIB di VINIX7 Batch 3 memberikan pengalaman belajar yang sangat bermanfaat,Program,Positif,6.0,Web Dev & UI/UX
"Materi yang disampaikan mudah dipahami, mentor dan pembimbing responsif, serta kegiatan praktik membantu saya memahami alur kerja Web Development & UI/UX secara nyata",Mentor,Positif,8.0,Web Dev & UI/UX
"Materi yang disampaikan mudah dipahami, mentor dan pembimbing responsif, serta kegiatan praktik membantu saya memahami alur kerja Web Development & UI/UX secara nyata",Materi,Positif,8.0,Web Dev & UI/UX
"Materi yang disampaikan mudah dipahami, mentor dan pembimbing responsif, serta kegiatan praktik membantu saya memahami alur kerja Web Development & UI/UX secara nyata",Project,Positif,8.0,Web Dev & UI/UX
"Materi yang disampaikan mudah dipahami, mentor dan pembimbing responsif, serta kegiatan praktik membantu saya memahami alur kerja Web Development & UI/UX secara nyata",Karier,Positif,8.0,Web Dev & UI/UX
"Materi yang disampaikan mudah dipahami, mentor dan pembimbing responsif, serta kegiatan praktik membantu saya memahami alur kerja Web Development & UI/UX secara nyata",Program,Positif,8.0,Web Dev & UI/UX
Program ini sangat direkomendasikan untuk mahasiswa yang ingin mengembangkan skill digital,Skill,Positif,2.0,Web Dev & UI/UX
Program ini sangat direkomendasikan untuk mahasiswa yang ingin mengembangkan skill digital,Program,Positif,2.0,Web Dev & UI/UX
Pengalaman belajar yang sangat berkesan,Umum,Positif,6.0,Tidak Disebutkan
Program Studi Independen di Vinix Seven Aurum memberikan pembelajaran berbasis proyek yang relevan dengan kebutuhan industri,Materi,Positif,3.0,Tidak Disebutkan
Program Studi Independen di Vinix Seven Aurum memberikan pembelajaran berbasis proyek yang relevan dengan kebutuhan industri,Project,Positif,3.0,Tidak Disebutkan
Program Studi Independen di Vinix Seven Aurum memberikan pembelajaran berbasis proyek yang relevan dengan kebutuhan industri,Karier,Positif,3.0,Tidak Disebutkan
Program Studi Independen di Vinix Seven Aurum memberikan pembelajaran berbasis proyek yang relevan dengan kebutuhan industri,Program,Positif,3.0,Tidak Disebutkan
"Mentor ramah, suportif, dan selalu memberikan arahan yang jelas",Mentor,Positif,3.0,Tidak Disebutkan
Sangat direkomendasikan untuk mahasiswa yang ingin membangun portofolio dan pengalaman nyata di dunia kerja digital,Project,Positif,5.0,Tidak Disebutkan
Sangat direkomendasikan untuk mahasiswa yang ingin membangun portofolio dan pengalaman nyata di dunia kerja digital,Karier,Positif,5.0,Tidak Disebutkan
Pengalaman saya mengikuti Program Studi Independen Batch 3 di Vinix7 divisi Financial Market Analyst sangat berkesan dan menyenangkan,Program,Positif,10.0,Financial & Banking
"Programnya terstruktur, materinya menarik dan mudah dipahami, serta mentornya profesional dan suportif",Mentor,Positif,14.0,Financial & Banking
"Programnya terstruktur, materinya menarik dan mudah dipahami, serta mentornya profesional dan suportif",Materi,Positif,14.0,Financial & Banking
"Programnya terstruktur, materinya menarik dan mudah dipahami, serta mentornya profesional dan suportif",Karier,Positif,14.0,Financial & Banking
"Programnya terstruktur, materinya menarik dan mudah dipahami, serta mentornya profesional dan suportif",Program,Positif,14.0,Financial & Banking
"Selama mengikuti program magang di VINIX7 Divisi SDM Manajemen, saya mendapatkan pengalaman yang sangat berharga",Program,Positif,6.0,Human Resources
"Mentor yang mendampingi sangat baik dan ramah, serta materi yang diberikan luar biasa, terstruktur, dan mudah dipahami",Mentor,Positif,14.0,Human Resources
"Mentor yang mendampingi sangat baik dan ramah, serta materi yang diberikan luar biasa, terstruktur, dan mudah dipahami",Materi,Positif,14.0,Human Resources
"Mentor yang mendampingi sangat baik dan ramah, serta materi yang diberikan luar biasa, terstruktur, dan mudah dipahami",Program,Positif,14.0,Human Resources
Program ini sangat membantu saya dalam meningkatkan pemahaman dan keterampilan saya di bidang manajemen SDM,Skill,Positif,7.0,Human Resources
Program ini sangat membantu saya dalam meningkatkan pemahaman dan keterampilan saya di bidang manajemen SDM,Program,Positif,7.0,Human Resources
"Terima kasih atas ilmu, bimbingan, dan kesempatan yang telah diberikan",Umum,Positif,4.0,Human Resources
"Selama mengikuti Studi Independen di divisi Data Scientist, saya mendapatkan pengalaman belajar yang sangat berharga",Umum,Positif,6.0,Data Science & ML
"Setiap hari saya berlatih mengolah data, membuat visualisasi dan membuat dashboard",Umum,Netral,0.0,Data Science & ML
Studi Independen benar-benar membuka wawasan saya tentang dunia data dan membuat saya lebih percaya diri untuk berkarier sebagai Data Scientist,Karier,Positif,9.0,Data Science & ML
"Sebagai mahasiswa Teknologi Pendidikan Universitas Terbuka, saya selalu belajar mandiri dan banyak berinteraksi dengan pembelajaran daring",Materi,Netral,0.0,Tidak Disebutkan
"Ketika saya mulai magang di Vinix7 divisi pengembangan pendidikan dan pembelajaran daring, saya akhirnya melihat bagaimana teori yang saya pelajari diterapkan menjadi praktik nyata",Materi,Positif,4.0,Tidak Disebutkan
"Ketika saya mulai magang di Vinix7 divisi pengembangan pendidikan dan pembelajaran daring, saya akhirnya melihat bagaimana teori yang saya pelajari diterapkan menjadi praktik nyata",Project,Positif,4.0,Tidak Disebutkan
Ini adalah pengalaman yang dapat menghubungkan ilmu kampus dengan dunia profesional EdTech secara nyata,Karier,Positif,6.0,Tidak Disebutkan
"Aku ikut MSIB Vinix7 Batch 3 di Divisi HR Management, dan jujur ini programnya worth it banget",Program,Positif,4.0,Human Resources
"Mulai dari belajar basic HR modern, cara nyusun strategi rekrutmen, ngerti proses seleksi & onboarding, bikin training plan, sampai manajemen KPI semua dibahas rapi dan aplikatif",Karier,Positif,3.0,Human Resources
"Mulai dari belajar basic HR modern, cara nyusun strategi rekrutmen, ngerti proses seleksi & onboarding, bikin training plan, sampai manajemen KPI semua dibahas rapi dan aplikatif",Program,Positif,3.0,Human Resources
"Materinya juga relate sama kerjaan HR beneran, dari konflik & komunikasi, hukum ketenagakerjaan, sampai HR analytics yang data-driven banget",Materi,Netral,0.0,Human Resources
"Materinya juga relate sama kerjaan HR beneran, dari konflik & komunikasi, hukum ketenagakerjaan, sampai HR analytics yang data-driven banget",Karier,Netral,0.0,Human Resources
"Materinya juga relate sama kerjaan HR beneran, dari konflik & komunikasi, hukum ketenagakerjaan, sampai HR analytics yang data-driven banget",Program,Netral,0.0,Human Resources
Puncaknya bikin HR Strategy Blueprint yang bikin aku ngerasain jadi HR sesungguhnya,Umum,Netral,0.0,Human Resources
"Serius, ini program yang ngebantu aku naik level sekaligus makin yakin buat terjun ke dunia HR",Program,Netral,0.0,Human Resources
Mengikuti program Studi Independen Vinix7 Batch 3 sebagai Junior Financial Market Analyst merupakan pengalaman belajar yang sangat bermanfaat,Program,Positif,6.0,Financial & Banking
"Materinya jelas, terstruktur, dan mudah dipahami, mulai dari analisis pasar hingga penyusunan strategi portofolio",Materi,Positif,4.0,Financial & Banking
"Materinya jelas, terstruktur, dan mudah dipahami, mulai dari analisis pasar hingga penyusunan strategi portofolio",Project,Positif,4.0,Financial & Banking
"Materinya jelas, terstruktur, dan mudah dipahami, mulai dari analisis pasar hingga penyusunan strategi portofolio",Program,Positif,4.0,Financial & Banking
"Mentor, PIC, dan seluruh tim Vinix7 juga sangat baik, responsif, dan selalu membantu proses belajar",Mentor,Positif,9.0,Financial & Banking
\nProgram ini sangat direkomendasikan bagi siapa pun yang ingin mengembangkan kemampuan di bidang keuangan,Skill,Positif,2.0,Financial & Banking
\nProgram ini sangat direkomendasikan bagi siapa pun yang ingin mengembangkan kemampuan di bidang keuangan,Program,Positif,2.0,Financial & Banking
Pengalaman saya mengikuti program VINIX7 Batch 3 sangat  bermanfaat,Program,Positif,5.0,Tidak Disebutkan
"Materinya disusun rapi dan mudah diikuti, terutama untuk pemula yang ingin masuk dunia data science",Materi,Positif,4.0,Tidak Disebutkan
"Mentornya ramah, responsif, dan selalu memberi arahan yang jelas setiap sesi",Mentor,Positif,3.0,Tidak Disebutkan
Saya angat suka metode pembelajarannya berbasis proyek sehingga saya benar-benar mengerti bagaimana menerapkan analisis data dan machine learning dalam kasus nyata,Materi,Positif,3.0,Tidak Disebutkan
Saya angat suka metode pembelajarannya berbasis proyek sehingga saya benar-benar mengerti bagaimana menerapkan analisis data dan machine learning dalam kasus nyata,Project,Positif,3.0,Tidak Disebutkan
"Selama mengikuti program disini saya merasa nyaman dan tenang karena mentor dan pic nya sangat helpful dan informatif sekali, alasan mengambil program disini yang terutama program nya memudahkan bagi saya yang menginginkan menjadi mahasiswa namun masih tetap ingin berkarir atau bekerja",Mentor,Positif,4.0,Tidak Disebutkan
"Selama mengikuti program disini saya merasa nyaman dan tenang karena mentor dan pic nya sangat helpful dan informatif sekali, alasan mengambil program disini yang terutama program nya memudahkan bagi saya yang menginginkan menjadi mahasiswa namun masih tetap ingin berkarir atau bekerja",Karier,Positif,4.0,Tidak Disebutkan
"Selama mengikuti program disini saya merasa nyaman dan tenang karena mentor dan pic nya sangat helpful dan informatif sekali, alasan mengambil program disini yang terutama program nya memudahkan bagi saya yang menginginkan menjadi mahasiswa namun masih tetap ingin berkarir atau bekerja",Program,Positif,4.0,Tidak Disebutkan
Selain tugas nya simple tidak memberatkan biaya pendaftaran nya juga sangat amat wort it di kantong pelajar,Project,Netral,0.0,Tidak Disebutkan
"Selama 4 bulan magang di junior data sains aku belajar mulai cara mengolah data yang benar, visualisasi data, dan masih banyak lagi yang aku peroleh melalui program magang ini",Program,Netral,0.0,Data Science & ML
aku mau ucapin terima kasih banyak buat program magang Vinix yang udah ngebantu aku  buat upgrade skill dan juga menambah pengalaman serta wawasan baru di bidang data sains,Skill,Positif,5.0,Data Science & ML
aku mau ucapin terima kasih banyak buat program magang Vinix yang udah ngebantu aku  buat upgrade skill dan juga menambah pengalaman serta wawasan baru di bidang data sains,Program,Positif,5.0,Data Science & ML
"Buat kalian yang pengen upgrade skill di bidang data sains, cocok banget buat gabung di program magang vinix iniii",Skill,Netral,0.0,Data Science & ML
"Buat kalian yang pengen upgrade skill di bidang data sains, cocok banget buat gabung di program magang vinix iniii",Program,Netral,0.0,Data Science & ML
Pengalaman belajar yang sangat menyenangkan dan sangat edukatif,Umum,Positif,5.0,Financial & Banking
Mentornya jg sangat sabar dalam menjelaskan materinya,Mentor,Positif,3.0,Financial & Banking
Mentornya jg sangat sabar dalam menjelaskan materinya,Materi,Positif,3.0,Financial & Banking
"Terimakasih untuk pembekalan, pengalaman, arahan, dan motivasi kepada vinix7, mentor divisi financial market analyst yaitu kak Bimo, dan teman teman batch 3 untuk krng lebih selama 4 bulan ini",Mentor,Positif,3.0,Financial & Banking
Pengalaman mengikuti Program VINIX7 divisi Web Dev UI/UX sangat berkesan,Program,Positif,6.0,Web Dev & UI/UX
Pembelajarannya terarah dan sesuai dengan kebutuhan industri digital saat ini,Materi,Positif,3.0,Web Dev & UI/UX
Pembelajarannya terarah dan sesuai dengan kebutuhan industri digital saat ini,Karier,Positif,3.0,Web Dev & UI/UX
"Materinya disampaikan sederhana mudah dipahami, dan mentor ramah serta responsif",Mentor,Positif,11.0,Web Dev & UI/UX
"Materinya disampaikan sederhana mudah dipahami, dan mentor ramah serta responsif",Materi,Positif,11.0,Web Dev & UI/UX
"Studi Independen di Vinix Seven, khususnya divisi Financial Market Analyst, memberikan pengalaman belajar yang sangat berharga",Umum,Positif,6.0,Financial & Banking
"Saya belajar menganalisis saham, membangun portofolio, dan memahami risiko investasi secara nyata",Project,Positif,2.0,Financial & Banking
"Mentor dan tim selalu mendukung, sehingga proses belajar terasa menyenangkan dan menantang",Mentor,Positif,4.0,Financial & Banking
Sangat direkomendasikan bagi siapa saja yang ingin mengembangkan skill di bidang finansial,Skill,Positif,2.0,Financial & Banking
Pengalaman saya selama mengikuti program stupen di divisi Data Science di VINIX7 menjadi salah satu pengalaman terbaik saya,Program,Positif,5.0,Data Science & ML
"Materi yang diberikan sangat relevan dengan kebutuhan industri, disampaikan dengan jelas, dan mudah dipahami",Materi,Positif,7.0,Data Science & ML
"Materi yang diberikan sangat relevan dengan kebutuhan industri, disampaikan dengan jelas, dan mudah dipahami",Karier,Positif,7.0,Data Science & ML
Mentornya memberikan arahan yang membantu saya berkembang,Mentor,Positif,7.0,Data Science & ML
"\nSelain itu, proyek yang saya kerjakan benar-benar membuka wawasan tentang penerapan data science di dunia nyata",Project,Positif,2.0,Data Science & ML
"\nSelain itu, proyek yang saya kerjakan benar-benar membuka wawasan tentang penerapan data science di dunia nyata",Karier,Positif,2.0,Data Science & ML
Pokoknya good job untuk program stupen vinix7 ini👍,Program,Positif,3.0,Data Science & ML
"Program Magang dan Studi Independen di Vinix 7 memberikan pengalaman komprehensif dalam pengembangan keterampilan digital, khususnya data science dan tools generative AI",Skill,Positif,4.0,Tidak Disebutkan
"Program Magang dan Studi Independen di Vinix 7 memberikan pengalaman komprehensif dalam pengembangan keterampilan digital, khususnya data science dan tools generative AI",Program,Positif,4.0,Tidak Disebutkan
"Pembelajaran disampaikan secara sistematis melalui proyek nyata, diskusi mendalam, dan mentoring intensif",Mentor,Positif,3.0,Tidak Disebutkan
"Pembelajaran disampaikan secara sistematis melalui proyek nyata, diskusi mendalam, dan mentoring intensif",Materi,Positif,3.0,Tidak Disebutkan
"Pembelajaran disampaikan secara sistematis melalui proyek nyata, diskusi mendalam, dan mentoring intensif",Project,Positif,3.0,Tidak Disebutkan
"Pembelajaran disampaikan secara sistematis melalui proyek nyata, diskusi mendalam, dan mentoring intensif",Program,Positif,3.0,Tidak Disebutkan
"Selain kemampuan teknis, saya juga mengasah komunikasi, kolaborasi tim, dan kemampuan mengelola waktu dalam skema agile",Skill,Netral,0.0,Tidak Disebutkan
"Selain kemampuan teknis, saya juga mengasah komunikasi, kolaborasi tim, dan kemampuan mengelola waktu dalam skema agile",Program,Netral,0.0,Tidak Disebutkan
Program ini sangat membantu membangun fondasi profesional dan kesiapan kerja di industri teknologi,Karier,Positif,10.0,Tidak Disebutkan
Program ini sangat membantu membangun fondasi profesional dan kesiapan kerja di industri teknologi,Program,Positif,10.0,Tidak Disebutkan
"Sebagai peserta dari divisi Entrepreneur/Bisnis Digital, pengalaman saya di Vinix7 benar-benar luar biasa",Umum,Positif,6.0,Bisnis & Manajemen
"Programnya terstruktur, praktiknya nyata, dan bimbingan mentornya sangat membantu saya memahami dunia bisnis digital secara lebih dalam",Mentor,Positif,8.0,Bisnis & Manajemen
"Programnya terstruktur, praktiknya nyata, dan bimbingan mentornya sangat membantu saya memahami dunia bisnis digital secara lebih dalam",Project,Positif,8.0,Bisnis & Manajemen
"Programnya terstruktur, praktiknya nyata, dan bimbingan mentornya sangat membantu saya memahami dunia bisnis digital secara lebih dalam",Program,Positif,8.0,Bisnis & Manajemen
Mengikuti Stupend pada VINIX7 Batch 3 benar-benar worth it untuk mendapatkan pengalaman yang baru di bidang data science,Umum,Positif,5.0,Data Science & ML
"Mentornya ramah, materi yang diberikan sangat relevan sama dunia kerja sekarang serta mudah dipahami, dan bimbingannya juga sangat membantu",Mentor,Positif,12.0,Data Science & ML
"Mentornya ramah, materi yang diberikan sangat relevan sama dunia kerja sekarang serta mudah dipahami, dan bimbingannya juga sangat membantu",Materi,Positif,12.0,Data Science & ML
"Mentornya ramah, materi yang diberikan sangat relevan sama dunia kerja sekarang serta mudah dipahami, dan bimbingannya juga sangat membantu",Karier,Positif,12.0,Data Science & ML
"Selama stupend, suasananya enak dan supportif, jadi belajar terasa lebih nyaman",Umum,Netral,0.0,Data Science & ML
Senang bisa jadi bagian dari Batch 3,Umum,Positif,4.0,Data Science & ML
"Selama mengikuti Program Studi Independen di PT Vinix Seven Aurum sebagai Junior Financial Market Analyst, saya belajar banyak tentang pasar keuangan dan analisis saham",Program,Positif,4.0,Financial & Banking
Mentor suportif dan tugas-tugasnya mengasah kemampuan saya,Mentor,Positif,4.0,Financial & Banking
Mentor suportif dan tugas-tugasnya mengasah kemampuan saya,Project,Positif,4.0,Financial & Banking
Mentor suportif dan tugas-tugasnya mengasah kemampuan saya,Skill,Positif,4.0,Financial & Banking
Pengalaman ini sangat berharga dan mempersiapkan saya untuk terjun ke dunia pasar modal,Umum,Positif,8.0,Financial & Banking
Pengalaman 4 bulan di sini jauh melampaui ekspektasi,Umum,Positif,1.0,Tidak Disebutkan
"Kurikulumnya sangat terstruktur, mulai dari ideasi bisnis, riset pasar menggunakan AI, hingga implementasi MVP melalui metodologi Lean Startup",Materi,Netral,0.0,Tidak Disebutkan
"Kurikulumnya sangat terstruktur, mulai dari ideasi bisnis, riset pasar menggunakan AI, hingga implementasi MVP melalui metodologi Lean Startup",Program,Netral,0.0,Tidak Disebutkan
"Terlibat langsung dalam Project, mulai dari ide, menamakan bisnis, hingga menyusun proposal",Project,Netral,0.0,Tidak Disebutkan
"Mentornya sangat supportive, sehingga feedback yang diberikan selalu aplikatif dan tajam",Mentor,Positif,3.0,Tidak Disebutkan
Program ini sangat bagus bagi mahasiswa yang ingin membangun mindset wirausaha dan memiliki portofolio nyata,Project,Positif,7.0,Tidak Disebutkan
Program ini sangat bagus bagi mahasiswa yang ingin membangun mindset wirausaha dan memiliki portofolio nyata,Program,Positif,7.0,Tidak Disebutkan
Belajar di VINIX7 bener-bener jadi pengalaman seru buat aku,Umum,Positif,5.0,Tidak Disebutkan
"Materinya runtut dan enak diikutin, dari yang basic banget sampai praktik langsung yang bikin aku ngerasa makin jago tiap minggu",Materi,Netral,0.0,Tidak Disebutkan
"Materinya runtut dan enak diikutin, dari yang basic banget sampai praktik langsung yang bikin aku ngerasa makin jago tiap minggu",Project,Netral,0.0,Tidak Disebutkan
"Mentornya asik, responsif, dan nggak pelit ilmu",Mentor,Positif,2.0,Tidak Disebutkan
"Selama program, skill aku naik banget, mulai dari data cleaning, analisis, sampai bikin dashboard yang rapi dan masuk akal",Skill,Netral,0.0,Tidak Disebutkan
"Selama program, skill aku naik banget, mulai dari data cleaning, analisis, sampai bikin dashboard yang rapi dan masuk akal",Program,Netral,0.0,Tidak Disebutkan
Pokoknya aku puas sih,Umum,Positif,4.0,Tidak Disebutkan
Pengalaman belajar di VINIX7 divisi Data Scientist sangat menyenangkan dan bermanfaat,Umum,Positif,9.0,Data Science & ML
Materinya terstruktur dan langsung praktik lewat proyek,Materi,Positif,3.0,Data Science & ML
Materinya terstruktur dan langsung praktik lewat proyek,Project,Positif,3.0,Data Science & ML
Materinya terstruktur dan langsung praktik lewat proyek,Program,Positif,3.0,Data Science & ML
Sehingga saya belajar banyak skill baru,Skill,Positif,4.0,Data Science & ML
Terima kasih dan sukses selalu VINIX,Umum,Positif,2.0,Data Science & ML
Saya puas ikut program Studi Independen di VINIX7,Program,Positif,4.0,Tidak Disebutkan
"Kurikulumnya jelas, tugas-tugasnya membantu mengasah kemampuan, dan mentornya komunikatif",Mentor,Positif,7.0,Tidak Disebutkan
"Kurikulumnya jelas, tugas-tugasnya membantu mengasah kemampuan, dan mentornya komunikatif",Materi,Positif,7.0,Tidak Disebutkan
"Kurikulumnya jelas, tugas-tugasnya membantu mengasah kemampuan, dan mentornya komunikatif",Project,Positif,7.0,Tidak Disebutkan
"Kurikulumnya jelas, tugas-tugasnya membantu mengasah kemampuan, dan mentornya komunikatif",Skill,Positif,7.0,Tidak Disebutkan
Banyak ilmu praktis yang bisa langsung diterapkan,Umum,Positif,2.0,Tidak Disebutkan
Cocok untuk yang ingin menambah pengalaman sebelum terjun ke dunia kerja,Karier,Positif,1.0,Tidak Disebutkan
"Dengan mengikuti program studi independen di PT Vinix Seven Aurum Batch 3 pada divisi Junior Data Scientist, saya dapat mempelajari ilmu ilmu data sains dengan mudah, materi yang diberikan mudah dicerna dan mentornya dapat menjelaskan materi yang mudah dipahami",Mentor,Positif,8.0,Data Science & ML
"Dengan mengikuti program studi independen di PT Vinix Seven Aurum Batch 3 pada divisi Junior Data Scientist, saya dapat mempelajari ilmu ilmu data sains dengan mudah, materi yang diberikan mudah dicerna dan mentornya dapat menjelaskan materi yang mudah dipahami",Materi,Positif,8.0,Data Science & ML
"Dengan mengikuti program studi independen di PT Vinix Seven Aurum Batch 3 pada divisi Junior Data Scientist, saya dapat mempelajari ilmu ilmu data sains dengan mudah, materi yang diberikan mudah dicerna dan mentornya dapat menjelaskan materi yang mudah dipahami",Program,Positif,8.0,Data Science & ML
Saya sangat merekomendasikan untuk belajar di VINIX7 bagi semuanya yang ingin mengenal dunia data sains,Umum,Positif,4.0,Data Science & ML
Ikut program MSIB VINIX7 benar-benar jadi pengalaman yang berharga,Program,Positif,5.0,Tidak Disebutkan
"Materinya jelas, terstruktur, dan mudah diikuti",Materi,Positif,4.0,Tidak Disebutkan
"Materinya jelas, terstruktur, dan mudah diikuti",Program,Positif,4.0,Tidak Disebutkan
"Mentor juga ramah, responsif, dan selalu kasih arahan yang membantu",Mentor,Positif,4.0,Tidak Disebutkan
"Selama program, saya merasa skill saya meningkat, terutama dalam analisis data dan pembuatan dashboard",Skill,Netral,0.0,Tidak Disebutkan
"Selama program, saya merasa skill saya meningkat, terutama dalam analisis data dan pembuatan dashboard",Program,Netral,0.0,Tidak Disebutkan
Tempat yang tepat untuk belajar dan berkembang,Umum,Positif,3.0,Tidak Disebutkan
Terima kasih VINIX7 ^^,Umum,Positif,2.0,Tidak Disebutkan
Studi Independen di Vinix7 jadi pengalaman berharga buat aku,Umum,Positif,5.0,Tidak Disebutkan
"Pembelajaran terstruktur, mentor responsif, dan proyek yang diberikan benar-benar nambah skill praktis",Mentor,Netral,0.0,Tidak Disebutkan
"Pembelajaran terstruktur, mentor responsif, dan proyek yang diberikan benar-benar nambah skill praktis",Materi,Netral,0.0,Tidak Disebutkan
"Pembelajaran terstruktur, mentor responsif, dan proyek yang diberikan benar-benar nambah skill praktis",Project,Netral,0.0,Tidak Disebutkan
"Pembelajaran terstruktur, mentor responsif, dan proyek yang diberikan benar-benar nambah skill praktis",Skill,Netral,0.0,Tidak Disebutkan
"Pembelajaran terstruktur, mentor responsif, dan proyek yang diberikan benar-benar nambah skill praktis",Program,Netral,0.0,Tidak Disebutkan
Aku puas dan merasa banyak kemajuan selama mengikuti program,Program,Positif,4.0,Tidak Disebutkan
Pengalaman saya mengikuti program Vinix7 divisi Junior Entrepreneurship/ Bisnis Digital sangat memuaskan,Program,Positif,5.0,Bisnis & Manajemen
"Materinya jelas, mentor berpengalaman, penjelasannya mudah dipahami dan yang paling membantu adalah programnya bisa dikonversi sampai 20 SKS",Mentor,Positif,8.0,Bisnis & Manajemen
"Materinya jelas, mentor berpengalaman, penjelasannya mudah dipahami dan yang paling membantu adalah programnya bisa dikonversi sampai 20 SKS",Materi,Positif,8.0,Bisnis & Manajemen
"Materinya jelas, mentor berpengalaman, penjelasannya mudah dipahami dan yang paling membantu adalah programnya bisa dikonversi sampai 20 SKS",Program,Positif,8.0,Bisnis & Manajemen
Sangat bermanfaat untuk menunjang akademik,Umum,Positif,5.0,Bisnis & Manajemen
Studi Independen di Vinix7 Divisi SDM Manajemen emang seru banget,Program,Positif,4.0,Human Resources
"Banyak ilmu baru yang aku dapetin, materinya lengkap, mentor dan koordinatornya juga keren, selalu siap bantu dan kasih arahan jelas",Mentor,Positif,5.0,Human Resources
"Banyak ilmu baru yang aku dapetin, materinya lengkap, mentor dan koordinatornya juga keren, selalu siap bantu dan kasih arahan jelas",Materi,Positif,5.0,Human Resources
"Feedback untuk tugas-tugas juga detail, jadi aku bisa tahu mana yang perlu ditingkatin",Project,Netral,0.0,Human Resources
"Plus, dapet temen dari jurusan lain, jadi makin luas perspektifnya",Umum,Netral,0.0,Human Resources
Vinix7 emang tempat yang tepat buat belajar dan berkembang,Umum,Positif,3.0,Human Resources
"Di VINIX ini, aku belajar banyak hal baru",Umum,Positif,4.0,Tidak Disebutkan
"Selama 4 bulan, aku merasa upgrade skill banget",Skill,Netral,0.0,Tidak Disebutkan
"Nah, yang paling aku suka itu para mentornya yang supportive dan sangat helpful",Mentor,Positif,11.0,Tidak Disebutkan
"Di sini, aku selalu dibantu sampai paham",Umum,Netral,0.0,Tidak Disebutkan
Bener-bener belajar di sini itu recommended banget sih,Umum,Positif,4.0,Tidak Disebutkan
Saya sangat puas mengikuti program di VINIX7,Program,Positif,5.0,Data Science & ML
"Pembelajarannya terstruktur, materinya relevan dengan kebutuhan industri, dan mentoring-nya membantu saya berkembang sebagai Junior Data Scientist",Mentor,Positif,10.0,Data Science & ML
"Pembelajarannya terstruktur, materinya relevan dengan kebutuhan industri, dan mentoring-nya membantu saya berkembang sebagai Junior Data Scientist",Materi,Positif,10.0,Data Science & ML
"Pembelajarannya terstruktur, materinya relevan dengan kebutuhan industri, dan mentoring-nya membantu saya berkembang sebagai Junior Data Scientist",Karier,Positif,10.0,Data Science & ML
"Pembelajarannya terstruktur, materinya relevan dengan kebutuhan industri, dan mentoring-nya membantu saya berkembang sebagai Junior Data Scientist",Program,Positif,10.0,Data Science & ML
Program Studi Independen di Vinix7 sangat baik,Program,Positif,5.0,Tidak Disebutkan
"Materinya mudah dipahami, mentor memberikan bimbingan dengan jelas, dan proses pembelajarannya tertata",Mentor,Positif,7.0,Tidak Disebutkan
"Materinya mudah dipahami, mentor memberikan bimbingan dengan jelas, dan proses pembelajarannya tertata",Materi,Positif,7.0,Tidak Disebutkan
Saya sangat terbantu selama mengikuti program ini,Program,Netral,0.0,Tidak Disebutkan
"Halo semuanya, Disini aku mau berbagi pengalaman selama belajar di Vinix7",Umum,Positif,1.0,Tidak Disebutkan
"\nAwalnya aku ikut karena penasaran dengan dunia trading dan financial market, tapi ternyata di Vinix7 aku dapat materi yang runtut dan mudah dipahami, mulai dari dasar sampai praktik",Materi,Positif,4.0,Tidak Disebutkan
"\nAwalnya aku ikut karena penasaran dengan dunia trading dan financial market, tapi ternyata di Vinix7 aku dapat materi yang runtut dan mudah dipahami, mulai dari dasar sampai praktik",Project,Positif,4.0,Tidak Disebutkan
"\nYang paling kerasa manfaatnya, aku belajar analisis market yang lebih terstruktur, paham cara membaca candlestick, support–resistance, dan gimana mengatur risiko biar trading lebih aman",Program,Netral,0.0,Tidak Disebutkan
"\nMentornya juga jelas banget saat ngasih contoh, jadi aku nggak cuma belajar teori, tapi benar-benar ngerti cara menerapkannya",Mentor,Positif,3.0,Tidak Disebutkan
"\nDan yang paling penting, aku belajar mindset trading yang sehat supaya nggak gampang emosian waktu lihat pergerakan market",Umum,Netral,0.0,Tidak Disebutkan
"\nBuat teman-teman yang pengen mulai belajar trading dari nol atau ingin memperbaiki cara analisis, menurutku Vinix7 itu worth it banget",Umum,Positif,4.0,Tidak Disebutkan
"\nKalau kalian ingin upgrade skill trading kalian, coba deh ikut belajar di Vinix7 – biar trading kalian makin terarah dan hasilnya lebih konsisten",Skill,Positif,3.0,Tidak Disebutkan
Program VINIX7 sangat bermanfaat,Program,Positif,5.0,Tidak Disebutkan
"Materi terstruktur, mentor ramah dan suportif, serta lingkungan belajarnya inklusif dan terbuka untuk peserta disabilitas",Mentor,Positif,3.0,Tidak Disebutkan
"Materi terstruktur, mentor ramah dan suportif, serta lingkungan belajarnya inklusif dan terbuka untuk peserta disabilitas",Materi,Positif,3.0,Tidak Disebutkan
"Materi terstruktur, mentor ramah dan suportif, serta lingkungan belajarnya inklusif dan terbuka untuk peserta disabilitas",Program,Positif,3.0,Tidak Disebutkan
Pengalaman magang di sini benar-benar membantu meningkatkan skill dan kepercayaan diri,Skill,Positif,7.0,Tidak Disebutkan
Gak nyangka 1 semester bareng VINIX7 lewat MSIB bisa dapet growth sebanyak ini,Umum,Netral,0.0,Tidak Disebutkan
"🚀 Dari yang tadinya cuma tau teori, sekarang jadi paham gimana industri real-world berjalan",Karier,Netral,0.0,Tidak Disebutkan
Shoutout buat para mentor yang udah sabar bimbing kita sampai titik ini,Mentor,Positif,3.0,Tidak Disebutkan
"During my internship in the Project Management division at VINIX7, I learned how to manage project workflows from planning and execution to evaluation",Project,Netral,0.0,Bisnis & Manajemen
"Each week, I joined mentoring briefings to review targets, case studies, and task progress",Mentor,Netral,0.0,Bisnis & Manajemen
"I also worked with my team to complete project modules, including learning risk management, creating Gantt Charts, organizing timelines and schedules, and using Trello for task management and collaboration",Materi,Netral,0.0,Bisnis & Manajemen
"I also worked with my team to complete project modules, including learning risk management, creating Gantt Charts, organizing timelines and schedules, and using Trello for task management and collaboration",Project,Netral,0.0,Bisnis & Manajemen
"This experience helped me understand how to set priorities, collaborate effectively, and think systematically when handling a project",Project,Netral,0.0,Bisnis & Manajemen
Pengalaman saya selama mengikuti kegiatan Studi Independen divisi Data Sains ini sangat berharga bagi saya,Umum,Positif,6.0,Data Science & ML
"Materi yang diberikan disusun secara runtut, mulai dari pemahaman dasar mengenai pola berpikir dalam data sains hingga kemampuan membuat dashboard yang informatif",Materi,Netral,0.0,Data Science & ML
"Materi yang diberikan disusun secara runtut, mulai dari pemahaman dasar mengenai pola berpikir dalam data sains hingga kemampuan membuat dashboard yang informatif",Skill,Netral,0.0,Data Science & ML
"Selain itu, proyek yang saya kerjakan pada tahap akhir benar-benar membantu saya memahami bagaimana konsep data sains dapat diterapkan dalam kasus nyata",Project,Positif,4.0,Data Science & ML
"Selain itu, proyek yang saya kerjakan pada tahap akhir benar-benar membantu saya memahami bagaimana konsep data sains dapat diterapkan dalam kasus nyata",Karier,Positif,4.0,Data Science & ML
"Program ini membuat saya lebih terarah, terampil, dan semakin yakin untuk mendalami bidang data sains",Program,Netral,0.0,Data Science & ML
Vinix7 disini sebagai wadah bagi mahasiswa  untuk bisa belajar dan mengaplikasikan materinya secara nyata,Materi,Netral,0.0,Financial & Banking
"Program Vinix7 juga bisa konversi sampai 20 sks, sangat amat menyesuaikan kebutuhan mahasiswa dan kampuss",Program,Netral,0.0,Financial & Banking
"\n\nPengalaman selama studi independen khususnya di divisi Junior Financial Market Analyst ini, sangatt seru dan menantang",Umum,Positif,4.0,Financial & Banking
Kita diajak terjun langsung dalam dunia pasar dalam negeri juga international dan mengenal investasi,Umum,Netral,0.0,Financial & Banking
Diajak juga menganalisis saham dan pergerakannya,Umum,Netral,0.0,Financial & Banking
"Don't be afraidd, the menter also friendly and suportif",Umum,Positif,7.0,Financial & Banking
Such a great experience,Umum,Positif,4.0,Financial & Banking
Mengikuti program Data Science di VINIX7 menjadi pengalaman yang sangat berharga bagi saya,Program,Positif,6.0,Data Science & ML
"Materi yang diberikan relevan dengan kebutuhan industri dan mudah dipahami, serta didukung oleh mentor yang membimbing dengan baik",Mentor,Positif,10.0,Data Science & ML
"Materi yang diberikan relevan dengan kebutuhan industri dan mudah dipahami, serta didukung oleh mentor yang membimbing dengan baik",Materi,Positif,10.0,Data Science & ML
"Materi yang diberikan relevan dengan kebutuhan industri dan mudah dipahami, serta didukung oleh mentor yang membimbing dengan baik",Karier,Positif,10.0,Data Science & ML
Proyek yang dikerjakan juga memberikan gambaran nyata penerapan data science di dunia kerja,Project,Netral,0.0,Data Science & ML
Proyek yang dikerjakan juga memberikan gambaran nyata penerapan data science di dunia kerja,Karier,Netral,0.0,Data Science & ML
Sangat puas dengan program MSIB ini,Program,Positif,5.0,Tidak Disebutkan
"Mentornya sabar dan kompeten, membuat materi sulit (Statistik, Modelling) mudah dipahami",Mentor,Positif,7.0,Tidak Disebutkan
"Mentornya sabar dan kompeten, membuat materi sulit (Statistik, Modelling) mudah dipahami",Materi,Positif,7.0,Tidak Disebutkan
Kami dibekali soft skill dan hard skill sekaligus,Skill,Netral,0.0,Tidak Disebutkan
Lingkungan belajarnya suportif,Umum,Positif,4.0,Tidak Disebutkan
Program Vinix7 ini benar-benar worth it,Program,Positif,4.0,Tidak Disebutkan
Saya telah menyelesaikan Program Studi Independen pada Divisi Entrepreneurship/Bisnis Digital di PT,Program,Netral,0.0,Bisnis & Manajemen
"\n\nSelama program berlangsung, saya belajar mengenai\n1",Program,Netral,0.0,Bisnis & Manajemen
Perancangan Model Bisnis\n3,Umum,Netral,0.0,Bisnis & Manajemen
Strategi Pemasaran Digital\n4,Umum,Netral,0.0,Bisnis & Manajemen
"Pengembangan Produk Digital\n\nProgram ini selain meningkatkan kemampuan teknis, juga meningkatkan kerjasama tim, manajemen waktu dan mengatasi masalah yang terjadi",Skill,Positif,4.0,Bisnis & Manajemen
"Pengembangan Produk Digital\n\nProgram ini selain meningkatkan kemampuan teknis, juga meningkatkan kerjasama tim, manajemen waktu dan mengatasi masalah yang terjadi",Karier,Positif,4.0,Bisnis & Manajemen
"Pengembangan Produk Digital\n\nProgram ini selain meningkatkan kemampuan teknis, juga meningkatkan kerjasama tim, manajemen waktu dan mengatasi masalah yang terjadi",Program,Positif,4.0,Bisnis & Manajemen
\n\nThank you for the invaluable experience,Umum,Positif,2.0,Bisnis & Manajemen
Pengalaman saya mengikuti VINIX7 benar-benar luar biasa dan penuh insight,Umum,Positif,6.0,Tidak Disebutkan
"Kurikulumnya tersusun dengan sangat sistematis sehingga mudah diikuti, bahkan bagi pemula yang baru mulai menapaki dunia financial",Materi,Positif,7.0,Tidak Disebutkan
"Kurikulumnya tersusun dengan sangat sistematis sehingga mudah diikuti, bahkan bagi pemula yang baru mulai menapaki dunia financial",Program,Positif,7.0,Tidak Disebutkan
"Para mentornya pun super ramah, responsif, dan selalu memberikan penjelasan yang jelas serta mudah dipahami di setiap sesi",Mentor,Positif,7.0,Tidak Disebutkan
Pengalaman magang di Vinix7 sangat berkesan,Umum,Positif,6.0,Web Dev & UI/UX
"Saya belajar banyak sebagai Web Development UI/UX Intern, mulai dari kerja kolaboratif dalam tim, mengerjakan project real, hingga meningkatkan skill desain dan pengembangan website",Project,Positif,6.0,Web Dev & UI/UX
"Saya belajar banyak sebagai Web Development UI/UX Intern, mulai dari kerja kolaboratif dalam tim, mengerjakan project real, hingga meningkatkan skill desain dan pengembangan website",Skill,Positif,6.0,Web Dev & UI/UX
"Saya belajar banyak sebagai Web Development UI/UX Intern, mulai dari kerja kolaboratif dalam tim, mengerjakan project real, hingga meningkatkan skill desain dan pengembangan website",Karier,Positif,6.0,Web Dev & UI/UX
"Mentornya suportif dan komunikatif, lingkungan belajarnya nyaman dan profesional",Mentor,Positif,7.0,Web Dev & UI/UX
"Mentornya suportif dan komunikatif, lingkungan belajarnya nyaman dan profesional",Karier,Positif,7.0,Web Dev & UI/UX
Recommended banget buat yang mau mengembangkan kemampuan di dunia IT,Skill,Positif,6.0,Web Dev & UI/UX
Sangat menyenangkan bisa belajar mengikuti program MSIB Mandiri di vinix 7,Program,Positif,4.0,Tidak Disebutkan
Ilmu yang diberikan sangat bermanfaat dan menambah wawasan baru serta mentor dan pembimbing turut serta selalu memberi pengarahan dan bimbingan kepada peserta,Mentor,Positif,12.0,Tidak Disebutkan
Terima kasih vinix7 atas pengalaman 4 bulan yang berkesan,Umum,Positif,7.0,Tidak Disebutkan
Pengalaman magang di Vinix7 bagi saya sangat menyenangkan dan berkesan,Umum,Positif,9.0,Financial & Banking
"Saya mendapatkan kesempatan emas untuk langsung terlibat dalam proyek di divisi Financial Market Analyst yang seru, sambil dibimbing oleh mentor-mentor kompeten",Mentor,Positif,6.0,Financial & Banking
"Saya mendapatkan kesempatan emas untuk langsung terlibat dalam proyek di divisi Financial Market Analyst yang seru, sambil dibimbing oleh mentor-mentor kompeten",Project,Positif,6.0,Financial & Banking
"Lingkungan kerja yang suportif dan fleksibel membuat proses belajar berjalan efektif, di mana saya berhasil memperluas network dan mengaplikasikan ilmu menjadi portofolio nyata yang sangat berharga",Project,Positif,13.0,Financial & Banking
"Lingkungan kerja yang suportif dan fleksibel membuat proses belajar berjalan efektif, di mana saya berhasil memperluas network dan mengaplikasikan ilmu menjadi portofolio nyata yang sangat berharga",Karier,Positif,13.0,Financial & Banking
Pengalaman ikut program MSIB di VINIX7 seru dan bermanfaat banget,Program,Positif,9.0,Cybersecurity
"Banyak belajar hal baru terutama soal cyber security, lingkungannya juga suportif dan mentornya helpful",Mentor,Positif,8.0,Cybersecurity
Programnya ngebantu banget buat nambah skill dan pengalaman,Skill,Positif,1.0,Cybersecurity
Programnya ngebantu banget buat nambah skill dan pengalaman,Program,Positif,1.0,Cybersecurity
Saya pernah ikut pelatihan MSIB di sini dan pelatihannya dilaksanakan secara daring dan ada live teachingnya jadi sangat fleksibel apabila disambi dengan kerjaan lain,Karier,Netral,0.0,Tidak Disebutkan
"Selain itu praktiknya juga oke, kurangnya adalah sesi belajarnya yang kurang dan materinya yang terlalu dasar",Materi,Negatif,-4.0,Tidak Disebutkan
"Selain itu praktiknya juga oke, kurangnya adalah sesi belajarnya yang kurang dan materinya yang terlalu dasar",Project,Negatif,-4.0,Tidak Disebutkan
Saya sangat merekomendasikan program VINIX7 Batch 3,Program,Positif,4.0,Tidak Disebutkan
Materi disajikan secara terstruktur dan ideal untuk pemula data science,Materi,Positif,3.0,Tidak Disebutkan
Materi disajikan secara terstruktur dan ideal untuk pemula data science,Program,Positif,3.0,Tidak Disebutkan
Kualitas mentor patut diacungi jempol karena keramahan dan kejelasan arahannya,Mentor,Netral,0.0,Tidak Disebutkan
"Poin terbaiknya adalah pendekatan pembelajaran berbasis proyek yang konkret, yang membantu saya menguasai penerapan digital forensic di lapangan dan memperkaya portofolio saya",Materi,Positif,4.0,Tidak Disebutkan
"Poin terbaiknya adalah pendekatan pembelajaran berbasis proyek yang konkret, yang membantu saya menguasai penerapan digital forensic di lapangan dan memperkaya portofolio saya",Project,Positif,4.0,Tidak Disebutkan
Mengikuti program VINIX7 adalah pengalaman yang sangat berharga,Program,Positif,6.0,Tidak Disebutkan
Mentornya ramah dan selalu memberikan penjelasan yang jelas,Mentor,Positif,6.0,Tidak Disebutkan
"Saya belajar banyak tentang UI/UX dan Web Development secara mendalam, ditambah suasana belajarnya positif dan suportif",Umum,Positif,8.0,Tidak Disebutkan
Benar-benar program yang worth it,Program,Positif,4.0,Tidak Disebutkan
Mengikuti program VINIX7 Batch 3 menjadi pengalaman yang sangat berkesan dan memberi banyak manfaat bagi saya,Program,Positif,6.0,Tidak Disebutkan
"Materi disajikan secara terstruktur dan mudah dipahami, terutama bagi pemula yang ingin mengenal dunia legal , pemamparan mentor yang mudah di tangkap dan juga penugasannya nya fleksibel",Mentor,Positif,7.0,Tidak Disebutkan
"Materi disajikan secara terstruktur dan mudah dipahami, terutama bagi pemula yang ingin mengenal dunia legal , pemamparan mentor yang mudah di tangkap dan juga penugasannya nya fleksibel",Materi,Positif,7.0,Tidak Disebutkan
"Materi disajikan secara terstruktur dan mudah dipahami, terutama bagi pemula yang ingin mengenal dunia legal , pemamparan mentor yang mudah di tangkap dan juga penugasannya nya fleksibel",Program,Positif,7.0,Tidak Disebutkan
Pengalaman ikut program Vinix7 di divisi Junior Financial Market Analyst berjalan lancar dan bermanfaat,Program,Positif,5.0,Financial & Banking
"Materinya jelas, pembelajaran terstruktur, dan mentor memberi arahan yang mudah dipahami",Mentor,Positif,4.0,Financial & Banking
"Materinya jelas, pembelajaran terstruktur, dan mentor memberi arahan yang mudah dipahami",Materi,Positif,4.0,Financial & Banking
"Materinya jelas, pembelajaran terstruktur, dan mentor memberi arahan yang mudah dipahami",Program,Positif,4.0,Financial & Banking
Aku jadi lebih paham dasar analisis pasar dan penggunaan tools finansial,Umum,Netral,0.0,Financial & Banking
Belajar di VINIX seru banget,Umum,Positif,4.0,Tidak Disebutkan
"Materinya jelas, mentor ramah dan mudah diajak diskusi",Mentor,Positif,5.0,Tidak Disebutkan
"Materinya jelas, mentor ramah dan mudah diajak diskusi",Materi,Positif,5.0,Tidak Disebutkan
Project akhirnya juga bikin saya ngeh sama dunia data beneran,Project,Netral,0.0,Tidak Disebutkan
Cocok buat mahasiswa yang pengen upgrade skill dan portofolio,Project,Netral,0.0,Tidak Disebutkan
Cocok buat mahasiswa yang pengen upgrade skill dan portofolio,Skill,Netral,0.0,Tidak Disebutkan
Pengalaman saya mengikuti VINIX7 Batch 3 pada Divisi Web Dev & UI/UX memberikan pembelajaran yang sangat berkesan,Materi,Positif,6.0,Web Dev & UI/UX
"Programnya tersusun dengan baik, materi disampaikan secara jelas, dan mentor selalu memberikan arahan yang suportif serta mudah dipahami",Mentor,Positif,8.0,Web Dev & UI/UX
"Programnya tersusun dengan baik, materi disampaikan secara jelas, dan mentor selalu memberikan arahan yang suportif serta mudah dipahami",Materi,Positif,8.0,Web Dev & UI/UX
"Programnya tersusun dengan baik, materi disampaikan secara jelas, dan mentor selalu memberikan arahan yang suportif serta mudah dipahami",Program,Positif,8.0,Web Dev & UI/UX
Pengalaman dan pembelajaran yang diberikan sangat bermanfaat dan menyenangkan,Materi,Positif,10.0,Web Dev & UI/UX
Saya mengikuti program di VINIX7 Divisi Data Sains,Program,Netral,0.0,Data Science & ML
"Hal yang paling berkesan adalah bagaimana VINIX7 mendorong peserta untuk bukan hanya belajar, tetapi juga berpikir kritis dan mengembangkan solusi nyata berbasis data",Umum,Positif,6.0,Data Science & ML
"Lingkungan belajarnya positif, profesional, dan memotivasi",Karier,Netral,0.0,Data Science & ML
Ikut VINIX7 Batch 3 ambil divisi Digital Forensic dan sangat puas,Umum,Positif,5.0,Cybersecurity
"Materinya berbobot (daging semua), mentornya responsif, dan banyak praktik langsung yang relevan sama industri saat ini",Mentor,Positif,3.0,Cybersecurity
"Materinya berbobot (daging semua), mentornya responsif, dan banyak praktik langsung yang relevan sama industri saat ini",Materi,Positif,3.0,Cybersecurity
"Materinya berbobot (daging semua), mentornya responsif, dan banyak praktik langsung yang relevan sama industri saat ini",Project,Positif,3.0,Cybersecurity
"Materinya berbobot (daging semua), mentornya responsif, dan banyak praktik langsung yang relevan sama industri saat ini",Karier,Positif,3.0,Cybersecurity
"Buat yang mau mendalami investigasi digital, tempat ini recommended banget buat ningkatin skill dan portofolio",Project,Positif,4.0,Cybersecurity
"Buat yang mau mendalami investigasi digital, tempat ini recommended banget buat ningkatin skill dan portofolio",Skill,Positif,4.0,Cybersecurity
Beberapa bulan ikut program MSIB di VINIX7 bener-bener jadi pengalaman yang ngasih banyak insight baru soal dunia Cyber,Program,Netral,1.0,Cybersecurity
"Di divisi Cybersecurity, aku belajar gimana cara menemukan kerentanan dan menyusun cara mengatasinya",Umum,Netral,0.0,Cybersecurity
"\nProgram ini ngebantu aku makin yakin kalau cybersecurity itu bukan cuma soal melakukan penetrasi, tapi juga cara berpikir kritis, dan punya awareness terhadap ancaman digital yang terus berkembang",Program,Positif,3.0,Cybersecurity
\nTerima kasih VINIX7,Umum,Positif,2.0,Cybersecurity
"Selama mengikuti program Study Independent di Vinix7 di divisi Data Sains, saya memperoleh banyak pengetahuan praktis yang sangat berharga",Program,Positif,5.0,Data Science & ML
"Program ini memberikan kesempatan untuk mendalami berbagai aspek dalam pengolahan data, mulai dari pembersihan data, analisis statistik, hingga visualisasi menggunakan tools seperti Python dan google colab",Program,Positif,2.0,Data Science & ML
"Salah satu pengalaman berkesan adalah saat saya harus bekerja dengan data yang tidak terstruktur, yang awalnya terasa sangat menantang",Karier,Positif,1.0,Data Science & ML
"Salah satu pengalaman berkesan adalah saat saya harus bekerja dengan data yang tidak terstruktur, yang awalnya terasa sangat menantang",Program,Positif,1.0,Data Science & ML
"Namun, dengan modul pembelajaran yang sistematis dan dukungan mentor yang ahli, saya berhasil menyelesaikan tantangan tersebut dan memahami teknik-teknik data wrangling yang penting untuk menghasilkan data yang siap dianalisis",Mentor,Positif,3.0,Data Science & ML
"Namun, dengan modul pembelajaran yang sistematis dan dukungan mentor yang ahli, saya berhasil menyelesaikan tantangan tersebut dan memahami teknik-teknik data wrangling yang penting untuk menghasilkan data yang siap dianalisis",Materi,Positif,3.0,Data Science & ML
"Namun, dengan modul pembelajaran yang sistematis dan dukungan mentor yang ahli, saya berhasil menyelesaikan tantangan tersebut dan memahami teknik-teknik data wrangling yang penting untuk menghasilkan data yang siap dianalisis",Program,Positif,3.0,Data Science & ML
"Selain itu, saya juga belajar bagaimana menginterpretasikan hasil analisis data dengan cara yang jelas dan mudah dipahami oleh orang non-teknis, yang tentunya sangat penting di dunia profesional",Skill,Positif,10.0,Data Science & ML
"Selain itu, saya juga belajar bagaimana menginterpretasikan hasil analisis data dengan cara yang jelas dan mudah dipahami oleh orang non-teknis, yang tentunya sangat penting di dunia profesional",Karier,Positif,10.0,Data Science & ML
"Pengalaman ini tidak hanya mengembangkan keterampilan teknis saya, tetapi juga meningkatkan kemampuan komunikasi saya dalam menyampaikan hasil analisis secara efektif",Skill,Positif,4.0,Data Science & ML
"Pengalaman ini tidak hanya mengembangkan keterampilan teknis saya, tetapi juga meningkatkan kemampuan komunikasi saya dalam menyampaikan hasil analisis secara efektif",Program,Positif,4.0,Data Science & ML
Program ini memberi saya keyakinan lebih dalam menghadapi tantangan dunia data sains yang sebenarnya,Program,Netral,0.0,Data Science & ML
"Saya mengikuti program Junior Data Scientist yang diadakan oleh VINIX 7, Disini diajarkan bagaimana proses menjadi Data Scientist, lingkungan belajar sangat efektif dan saya mendapatkan mentor yang sangat baik, Konversi SKS juga dipermudah dengan bantuan para PIC divisi Data Science",Mentor,Positif,8.0,Data Science & ML
"Saya mengikuti program Junior Data Scientist yang diadakan oleh VINIX 7, Disini diajarkan bagaimana proses menjadi Data Scientist, lingkungan belajar sangat efektif dan saya mendapatkan mentor yang sangat baik, Konversi SKS juga dipermudah dengan bantuan para PIC divisi Data Science",Program,Positif,8.0,Data Science & ML
"Over all puas mengikuti program dari VINIX7 ini, thank you",Program,Positif,6.0,Data Science & ML
Terima kasih VINIX7 atas pengalaman berharganya,Umum,Positif,7.0,Tidak Disebutkan
Pengalaman ikut magang online di VINIX7 Batch 3 ini memudahkan banget buat yang gak punya waktu buat magang offline,Umum,Netral,1.0,Tidak Disebutkan
"Recommended buat para mahasiswa semester awal untuk curi start dapetin langsung ilmu lengkap dari mentor yang expert di bidangnya, pengalaman magang ini juga bisa ditambahin di portofolio, dan networking kalian juga loh",Mentor,Positif,7.0,Tidak Disebutkan
"Recommended buat para mahasiswa semester awal untuk curi start dapetin langsung ilmu lengkap dari mentor yang expert di bidangnya, pengalaman magang ini juga bisa ditambahin di portofolio, dan networking kalian juga loh",Project,Positif,7.0,Tidak Disebutkan
Pengalaman saya ikut magang di PT,Umum,Positif,1.0,Financial & Banking
"Vinix Seven Aurum sangat berkesan"";"" lingkungan kerjanya profesional, timnya suportif, dan banyak ilmu baru yang aku dapatkan, terutama di divisi Financial Market Analyst",Karier,Positif,7.0,Financial & Banking
"Pembimbingannya jelas, suasananya nyaman, dan aku merasa berkembang setiap hari",Mentor,Positif,3.0,Financial & Banking
Tempat yang sangat bagus untuk belajar dan meningkatkan kemampuan,Skill,Positif,7.0,Financial & Banking
Mengikuti program VINIX7 Batch 3 menjadi pengalaman yang sangat berarti bagi saya,Program,Positif,6.0,Tidak Disebutkan
"Materinya tersusun rapi, mudah dipahami, dan didukung oleh mentor yang ramah serta responsif",Mentor,Positif,11.0,Tidak Disebutkan
"Materinya tersusun rapi, mudah dipahami, dan didukung oleh mentor yang ramah serta responsif",Materi,Positif,11.0,Tidak Disebutkan
Pendekatan belajar berbasis proyek juga sangat membantu saya memahami penerapan analisis data dan machine learning di kasus nyata,Project,Positif,5.0,Tidak Disebutkan
Pengalaman saya mengikuti program Web Development dan UI/UX di VINIX7 menjadi salah satu pengalaman terbaik,Program,Positif,5.0,Web Dev & UI/UX
"Materi yang diberikan sangat relevan dengan kebutuhan industri digital, disampaikan secara sistematis, dan mudah dipahami",Materi,Positif,7.0,Web Dev & UI/UX
"Materi yang diberikan sangat relevan dengan kebutuhan industri digital, disampaikan secara sistematis, dan mudah dipahami",Karier,Positif,7.0,Web Dev & UI/UX
"Materi yang diberikan sangat relevan dengan kebutuhan industri digital, disampaikan secara sistematis, dan mudah dipahami",Program,Positif,7.0,Web Dev & UI/UX
Mentor juga memberikan arahan yang jelas serta bimbingan yang membantu saya meningkatkan kemampuan dalam desain dan pengembangan website,Mentor,Positif,12.0,Web Dev & UI/UX
Mentor juga memberikan arahan yang jelas serta bimbingan yang membantu saya meningkatkan kemampuan dalam desain dan pengembangan website,Skill,Positif,12.0,Web Dev & UI/UX
"Sebuah pengalaman yang menarik, saya mengikuti program MSIB mandiri studi independen di divisi data sains",Program,Netral,1.0,Data Science & ML
Selama kegiatan saya dibimbing dengan mentor dan kakak divisi yang sangat membantu serta informatif,Mentor,Positif,5.0,Data Science & ML
"Selama 3-4 bulan terakhir, saya berkesempatan menjadi bagian dari MSIB VINIX7 di divisi Junior Management Sumber Daya Manusia (SDM)",Umum,Netral,0.0,Human Resources
"\nPengalaman di VINIX7 ini sungguh memperkaya pemahaman saya tentang dinamika HRD di dunia nyata, saya benar2 diajarkan dari nol,  dari yang awalnya tidak tahu apa2 ttg HRD sampai saya paham apa itu onboarding, PKWTT, HRIS, dsb",Umum,Netral,0.0,Human Resources
Saya sangat bersyukur atas bimbingan dari mentor dan pengalaman nya yg dibagikan,Mentor,Positif,8.0,Human Resources
Terima kasih banyak kepada tim VINIX7 atas kesempatan luar biasa ini,Umum,Positif,9.0,Human Resources
Vinix7 memberikan pengalaman belajar bisnis digital/entrepreneurship yang sangat aplikatif,Umum,Positif,4.0,Bisnis & Manajemen
"Sebagai peserta di divisi ini, saya diajak untuk langsung terlibat dalam penyelesaian masalah bisnis nyata, didukung mentor yang baik dan lingkungan kolaboratif antar divisi",Mentor,Positif,3.0,Bisnis & Manajemen
Cocok untuk yang ingin mengembangkan mindset dan skill di bidang digital business & startup,Skill,Positif,2.0,Bisnis & Manajemen
Ikut program Magang Mandiri Batch 3 di VINIX7 divisi Junior Social Media Specialist - TikTok ini beneran salah satu keputusan terbaik di masa kuliah si,Program,Positif,4.0,Brand & Marketing
"Jujur, awalnya mikir magang online bakal ngebosenin, tapi ternyata materinya padat banget dan langsung to the point ke hal-hal yang dibutuhin content creator zaman sekarang",Materi,Netral,0.0,Brand & Marketing
"\n\nBuat yang pengen serius jadi creator atau social media specialist, program ini wajib banget dicoba",Program,Netral,0.0,Brand & Marketing
"Ilmunya dapet, portofolio nyata ada, networking juga oke",Project,Positif,3.0,Brand & Marketing
Thank u VINIX7 atas kesempatan emasnyaa,Umum,Positif,2.0,Brand & Marketing
"Selama 5 bulan mengikuti program di Vinix, saya mendapatkan ilmu dan pengalaman praktis yang sangat membantu",Program,Positif,8.0,Tidak Disebutkan
"Mentornya responsif, materi jelas dan relevan, serta proses belajarnya terstruktur",Mentor,Positif,6.0,Tidak Disebutkan
"Mentornya responsif, materi jelas dan relevan, serta proses belajarnya terstruktur",Materi,Positif,6.0,Tidak Disebutkan
"Mentornya responsif, materi jelas dan relevan, serta proses belajarnya terstruktur",Program,Positif,6.0,Tidak Disebutkan
Program ini membuat kemampuan saya berkembang dan lebih siap menghadapi kebutuhan industri,Skill,Positif,3.0,Tidak Disebutkan
Program ini membuat kemampuan saya berkembang dan lebih siap menghadapi kebutuhan industri,Karier,Positif,3.0,Tidak Disebutkan
Program ini membuat kemampuan saya berkembang dan lebih siap menghadapi kebutuhan industri,Program,Positif,3.0,Tidak Disebutkan
"Secara keseluruhan, programnya bermanfaat dan layak diikuti",Program,Positif,4.0,Tidak Disebutkan
Pengalaman belajar di Vinix7 sangat memuaskan,Umum,Positif,5.0,Tidak Disebutkan
"Kurikulum disusun dengan baik, mulai dari dasar hingga penerapan langsung di dunia kerja",Materi,Netral,0.0,Tidak Disebutkan
"Kurikulum disusun dengan baik, mulai dari dasar hingga penerapan langsung di dunia kerja",Karier,Netral,0.0,Tidak Disebutkan
Mentor berpengalaman dan selalu siap membantu jika ada kesulitan,Mentor,Positif,4.0,Tidak Disebutkan
Fasilitas dan sistem belajarnya juga nyaman dan modern,Program,Netral,0.0,Tidak Disebutkan
"Setelah mengikuti program ini, skill saya meningkat signifikan",Skill,Positif,3.0,Tidak Disebutkan
"Setelah mengikuti program ini, skill saya meningkat signifikan",Program,Positif,3.0,Tidak Disebutkan
Sangat worth it untuk investasi belajar,Umum,Positif,4.0,Tidak Disebutkan
"Bergabung bersama VINIX7 tidak perlu lagi diragukan kualitasnya, saya sudah membuktikan sendiri selama mengikuti program magang dan studi independen bacht 3",Program,Netral,0.0,Tidak Disebutkan
Dengan mentor-mentor yang sudah berpengelaman dan memiliki kemampuan dalam mengajar yang luar biasa,Mentor,Positif,5.0,Tidak Disebutkan
Dengan mentor-mentor yang sudah berpengelaman dan memiliki kemampuan dalam mengajar yang luar biasa,Skill,Positif,5.0,Tidak Disebutkan
Terimakasih VINIX7 😗 …,Umum,Netral,0.0,Tidak Disebutkan
Pengalaman studi independen di Vinix7 sangat membantu aku mengembangkan skill secara nyata,Skill,Positif,8.0,Tidak Disebutkan
"Mentornya suportif, materinya aplikatif, dan banyak dapat wawasan baru terkait dunia kerja",Mentor,Positif,2.0,Tidak Disebutkan
"Mentornya suportif, materinya aplikatif, dan banyak dapat wawasan baru terkait dunia kerja",Materi,Positif,2.0,Tidak Disebutkan
"Mentornya suportif, materinya aplikatif, dan banyak dapat wawasan baru terkait dunia kerja",Karier,Positif,2.0,Tidak Disebutkan
Recommended buat mahasiswa yang mau nambah pengalaman,Umum,Positif,5.0,Tidak Disebutkan
Pengalaman saya mengikuti program magang stupen Mandiri vinix7 sangat berkesan dan membuat saya bisa mempelajari skill yang akan dipakai di dunia kerja,Skill,Positif,6.0,Lainnya
Pengalaman saya mengikuti program magang stupen Mandiri vinix7 sangat berkesan dan membuat saya bisa mempelajari skill yang akan dipakai di dunia kerja,Karier,Positif,6.0,Lainnya
Pengalaman saya mengikuti program magang stupen Mandiri vinix7 sangat berkesan dan membuat saya bisa mempelajari skill yang akan dipakai di dunia kerja,Program,Positif,6.0,Lainnya
Terutama saya mengambil divisi Hubungan Internasional disini sangat membantu saya dalam memahami diplomasi serta cara berkomunikasi lintas budaya,Program,Positif,5.0,Lainnya
"Pengalaman Studi Independen Divisi Financial Market Analyst di Vinix7 ini memberikan pengalaman dalam mengasah keterampilan teknis maupun non teknis, dengan didampingin mentor yang memang expert dan fasilitas lainnya, memberikan kesempatan bagi mahasiswa untuk belajar melalui real case yang diberikan setiap minggunya",Mentor,Positif,4.0,Financial & Banking
"Pengalaman Studi Independen Divisi Financial Market Analyst di Vinix7 ini memberikan pengalaman dalam mengasah keterampilan teknis maupun non teknis, dengan didampingin mentor yang memang expert dan fasilitas lainnya, memberikan kesempatan bagi mahasiswa untuk belajar melalui real case yang diberikan setiap minggunya",Skill,Positif,4.0,Financial & Banking
"Program Magang dan Studi Independen di Vinix7 memberikan saya pengalaman di bidang data sains, melalui program ini saya belajar bagaimana proses mengolah data mentah menjadi insight yang bermanfaat",Program,Positif,5.0,Data Science & ML
"Dengan praktik nyata melalui proyek dashboard, membantu saya dalam meningkatkan skill dan pemahaman",Project,Positif,10.0,Data Science & ML
"Dengan praktik nyata melalui proyek dashboard, membantu saya dalam meningkatkan skill dan pemahaman",Skill,Positif,10.0,Data Science & ML
"Saya sangat senang bisa mengikuti VINIX Batch 3 pada divisi Junior Data Scientist karena bisa mendapatkan ilmu-ilmu baru dan tugas-tugas yang membantu saya mengembangkan kemampuan mengolah, menganalisis, dan menyampaikan insight pada sebuah data",Project,Positif,11.0,Data Science & ML
"Saya sangat senang bisa mengikuti VINIX Batch 3 pada divisi Junior Data Scientist karena bisa mendapatkan ilmu-ilmu baru dan tugas-tugas yang membantu saya mengembangkan kemampuan mengolah, menganalisis, dan menyampaikan insight pada sebuah data",Skill,Positif,11.0,Data Science & ML
"VINIX 7 menurut saya bermanfaat karena kegiatannya hampir seperti kerjaan sungguhan, jadi peserta otomatis belajar ngatur waktu, ngerjain tugas nyata, dan bikin portofolio yang berguna",Project,Positif,4.0,Tidak Disebutkan
"VINIX 7 menurut saya bermanfaat karena kegiatannya hampir seperti kerjaan sungguhan, jadi peserta otomatis belajar ngatur waktu, ngerjain tugas nyata, dan bikin portofolio yang berguna",Karier,Positif,4.0,Tidak Disebutkan
"Makanya, program ini terasa relevan dan pengalaman yang didapat jadi nyata",Program,Positif,4.0,Tidak Disebutkan
Vinix 7 memberikan pengalaman luar biasa selama saya mengikuti program STUPEN,Program,Positif,10.0,Tidak Disebutkan
"Timnya sangat ramah, terbuka terhadap diskusi, dan selalu memberikan arahan yang jelas",Umum,Positif,3.0,Tidak Disebutkan
"Saya mendapatkan banyak ilmu baru, mulai dari pengenalan workflow … (teks terpotong)",Umum,Positif,2.0,Tidak Disebutkan
Pengalaman MSIB di Vinix sangat membantu,Umum,Positif,6.0,Tidak Disebutkan
"Mentornya ramah, penjelasannya runtut, dan tugas-tugasnya relevan dengan industri",Mentor,Positif,3.0,Tidak Disebutkan
"Mentornya ramah, penjelasannya runtut, dan tugas-tugasnya relevan dengan industri",Project,Positif,3.0,Tidak Disebutkan
"Mentornya ramah, penjelasannya runtut, dan tugas-tugasnya relevan dengan industri",Karier,Positif,3.0,Tidak Disebutkan
Lingkungannya suportif dan materinya gampang dipahami,Materi,Positif,4.0,Tidak Disebutkan
Sangat direkomendasikan untuk yang ingin belajar Web Dev dan UI/UX dengan cara yang terstruktur,Program,Positif,3.0,Tidak Disebutkan
Pengalaman belajar di Vinix Seven Aurum benar-benar memuaskan,Umum,Positif,5.0,Tidak Disebutkan
"Materinya jelas, pembimbingnya ramah dan responsif, serta proses belajarnya sangat terarah",Mentor,Positif,6.0,Tidak Disebutkan
"Materinya jelas, pembimbingnya ramah dan responsif, serta proses belajarnya sangat terarah",Materi,Positif,6.0,Tidak Disebutkan
Saya merasa berkembang pesat terutama dalam UI/UX dan Web Development,Umum,Positif,3.0,Tidak Disebutkan
Cocok sekali untuk pemula maupun yang ingin meningkatkan skill digital,Skill,Positif,2.0,Tidak Disebutkan
Sangat direkomendasikan,Umum,Netral,0.0,Tidak Disebutkan
Program MSIB memberikan pengalaman belajar yang luar biasa,Program,Positif,6.0,Tidak Disebutkan
"Saya mendapatkan skill baru, portofolio nyata, dan pemahaman mendalam tentang dunia kerja",Project,Positif,2.0,Tidak Disebutkan
"Saya mendapatkan skill baru, portofolio nyata, dan pemahaman mendalam tentang dunia kerja",Skill,Positif,2.0,Tidak Disebutkan
"Saya mendapatkan skill baru, portofolio nyata, dan pemahaman mendalam tentang dunia kerja",Karier,Positif,2.0,Tidak Disebutkan
Sungguh program yang efektif dan berdampak,Program,Positif,3.0,Tidak Disebutkan
Saya merupakan salah satu peserta dari Studi Independent Vinix7 Batch 3,Umum,Netral,0.0,Tidak Disebutkan
"Dan selama program berlangsung pihak Vinix7 dan mentor selalu memberikan arahan dan feedback yang membangun, materi yang disampaikan juga berbobot dan membantu peserta untuk lebih memahami materi sesuai dengan divisi yang diikuti",Mentor,Positif,8.0,Tidak Disebutkan
"Dan selama program berlangsung pihak Vinix7 dan mentor selalu memberikan arahan dan feedback yang membangun, materi yang disampaikan juga berbobot dan membantu peserta untuk lebih memahami materi sesuai dengan divisi yang diikuti",Materi,Positif,8.0,Tidak Disebutkan
"Dan selama program berlangsung pihak Vinix7 dan mentor selalu memberikan arahan dan feedback yang membangun, materi yang disampaikan juga berbobot dan membantu peserta untuk lebih memahami materi sesuai dengan divisi yang diikuti",Program,Positif,8.0,Tidak Disebutkan
Magang MSIB Mandiri di Vinix7 jadi salah satu pengalaman terbaik,Umum,Positif,5.0,Web Dev & UI/UX
"Belajar di divisi Junior WebDev & UI/UX secara online tetap terasa interaktif, terarah, dan bener-bener nambah skill",Skill,Netral,0.0,Web Dev & UI/UX
Mentornya responsif dan suasananya positif,Mentor,Positif,4.0,Web Dev & UI/UX
VINIX7 bagus untuk mahasiswa yang ingin belajar lewat program studi independen berbasis proyek,Project,Positif,4.0,Tidak Disebutkan
VINIX7 bagus untuk mahasiswa yang ingin belajar lewat program studi independen berbasis proyek,Program,Positif,4.0,Tidak Disebutkan
"Materinya terstruktur, mentor responsif, dan ada sesi live via Zoom plus diskusi lewat WhatsApp",Mentor,Netral,0.0,Tidak Disebutkan
"Materinya terstruktur, mentor responsif, dan ada sesi live via Zoom plus diskusi lewat WhatsApp",Materi,Netral,0.0,Tidak Disebutkan
"Materinya terstruktur, mentor responsif, dan ada sesi live via Zoom plus diskusi lewat WhatsApp",Program,Netral,0.0,Tidak Disebutkan
Sangat membantu untuk nambah skill dan portofolio,Project,Positif,5.0,Tidak Disebutkan
Sangat membantu untuk nambah skill dan portofolio,Skill,Positif,5.0,Tidak Disebutkan
"Program ini sangat informatif dan terstruktur, mulai dari briefing, timeline, hingga diskusi bersama mentor",Mentor,Netral,0.0,Tidak Disebutkan
"Program ini sangat informatif dan terstruktur, mulai dari briefing, timeline, hingga diskusi bersama mentor",Program,Netral,0.0,Tidak Disebutkan
Pengalaman belajar sangat berharga dan profesional,Karier,Positif,9.0,Tidak Disebutkan
✨🩶Thank You VINIX7 sudah memberikan aku kesempatan untuk belajar banyak disini …,Umum,Positif,8.0,Tidak Disebutkan
"Berdasarkan kualitas pelaksanaan, kedalaman materi teknis yang diajarkan, dan keberhasilan dalam menghasilkan output proyek yang relevan dan fungsional, program MSIB VINIX7 pada divisi Junior Web Development & UI/UX layak mendapatkan rating tertinggi",Materi,Positif,3.0,Web Dev & UI/UX
"Berdasarkan kualitas pelaksanaan, kedalaman materi teknis yang diajarkan, dan keberhasilan dalam menghasilkan output proyek yang relevan dan fungsional, program MSIB VINIX7 pada divisi Junior Web Development & UI/UX layak mendapatkan rating tertinggi",Project,Positif,3.0,Web Dev & UI/UX
"Berdasarkan kualitas pelaksanaan, kedalaman materi teknis yang diajarkan, dan keberhasilan dalam menghasilkan output proyek yang relevan dan fungsional, program MSIB VINIX7 pada divisi Junior Web Development & UI/UX layak mendapatkan rating tertinggi",Skill,Positif,3.0,Web Dev & UI/UX
"Berdasarkan kualitas pelaksanaan, kedalaman materi teknis yang diajarkan, dan keberhasilan dalam menghasilkan output proyek yang relevan dan fungsional, program MSIB VINIX7 pada divisi Junior Web Development & UI/UX layak mendapatkan rating tertinggi",Program,Positif,3.0,Web Dev & UI/UX
A helpful learning experience,Umum,Positif,4.0,Human Resources
"\n\nSaya mengikuti program divisi Junior Human Resource Management, dan materi yang diberikan oleh mentor HR profesional dijelaskan dengan cara yang praktis",Mentor,Positif,3.0,Human Resources
"\n\nSaya mengikuti program divisi Junior Human Resource Management, dan materi yang diberikan oleh mentor HR profesional dijelaskan dengan cara yang praktis",Materi,Positif,3.0,Human Resources
"\n\nSaya mengikuti program divisi Junior Human Resource Management, dan materi yang diberikan oleh mentor HR profesional dijelaskan dengan cara yang praktis",Karier,Positif,3.0,Human Resources
"\n\nSaya mengikuti program divisi Junior Human Resource Management, dan materi yang diberikan oleh mentor HR profesional dijelaskan dengan cara yang praktis",Program,Positif,3.0,Human Resources
\n\nI’ve gained many new insights throughout the program,Program,Netral,0.0,Human Resources
Saya mengikuti studi independen di Vinix7 pada divisi Manajemen SDM dan pengalamannya benar-benar memuaskan,Program,Positif,4.0,Human Resources
"Mentor sangat suportif, komunikatif, dan memberi bimbingan yang jelas sehingga proses belajar terasa menyenangkan",Mentor,Positif,10.0,Human Resources
"Pengalaman Studi independen di Vinix7 divisi data science,materi diajarkan dari basic sampai tingkat semi expert,dan diberi pengarahan untuk project dan rekomendasi berbagai web untuk belajar semua materi yang berkaitan",Materi,Netral,1.0,Data Science & ML
"Pengalaman Studi independen di Vinix7 divisi data science,materi diajarkan dari basic sampai tingkat semi expert,dan diberi pengarahan untuk project dan rekomendasi berbagai web untuk belajar semua materi yang berkaitan",Project,Netral,1.0,Data Science & ML
Joining this independent study program was a really enjoyable experience,Program,Netral,0.0,Tidak Disebutkan
"I gained a lot of knowledge relevant to my university major, both in theory and in practice",Umum,Netral,0.0,Tidak Disebutkan
I hope that the things I learned from this program can be applied to working on real projects in the near future,Project,Netral,0.0,Tidak Disebutkan
I hope that the things I learned from this program can be applied to working on real projects in the near future,Program,Netral,0.0,Tidak Disebutkan
Ikut stupen di VINIX7 selama 4 bulan bener-bener ngebantu banget,Umum,Netral,0.0,Tidak Disebutkan
"Mentornya super supportive, materinya relevan, dan tugas-tugasnya langsung kerasa real project",Mentor,Netral,0.0,Tidak Disebutkan
"Mentornya super supportive, materinya relevan, dan tugas-tugasnya langsung kerasa real project",Materi,Netral,0.0,Tidak Disebutkan
"Mentornya super supportive, materinya relevan, dan tugas-tugasnya langsung kerasa real project",Project,Netral,0.0,Tidak Disebutkan
Lingkungannya juga enak buat belajar dan explore hal baru,Umum,Netral,0.0,Tidak Disebutkan
Pokoknya worth it banget ikut sini,Umum,Positif,4.0,Tidak Disebutkan
Sangat berguna untuk belajar pengembangan ilmu dibidang bisnis atau ekonomi\n2,Umum,Positif,2.0,Tidak Disebutkan
Mentor nya jelas dalam memberikan pembelajaran atau ilmunya\n3,Mentor,Positif,3.0,Tidak Disebutkan
Mentor nya jelas dalam memberikan pembelajaran atau ilmunya\n3,Materi,Positif,3.0,Tidak Disebutkan
Tugasnya juga bermanfaat untuk mengembangkan bakat bisnis\n4,Project,Positif,6.0,Tidak Disebutkan
Waktunya fleksibel\n5,Umum,Netral,0.0,Tidak Disebutkan
Pembelajarannya seru,Materi,Positif,4.0,Tidak Disebutkan
"pengalaman ku saat ikut studi independen di vinix menyenangkan, materinya mudah dipahami dan bisa diakses kapan aja",Materi,Positif,5.0,Tidak Disebutkan
Mentornya juga ramah dan suportif,Mentor,Positif,7.0,Tidak Disebutkan
Pengalaman belajar yang nyaman dan fleksibel,Umum,Positif,1.0,Tidak Disebutkan
"Pengalaman yang menarik bisa belajar di VINIX 7, saya mengambil materi brand designer & marketer, materi yang di suguhkan cukup relevan dan di bimbing oleh kakak mentor yang baik baik, terimakasih",Mentor,Positif,10.0,Brand & Marketing
"Pengalaman yang menarik bisa belajar di VINIX 7, saya mengambil materi brand designer & marketer, materi yang di suguhkan cukup relevan dan di bimbing oleh kakak mentor yang baik baik, terimakasih",Materi,Positif,10.0,Brand & Marketing
VINIX adalah platform pembelajaran yang inovatif dan relevan dengan kebutuhan industri digital saat ini,Materi,Positif,6.0,Tidak Disebutkan
VINIX adalah platform pembelajaran yang inovatif dan relevan dengan kebutuhan industri digital saat ini,Karier,Positif,6.0,Tidak Disebutkan
"Programnya terstruktur, mentor profesional, dan pembelajarannya berbasis proyek nyata sehingga sangat membantu meningkatkan keterampilan praktis serta kesiapan karier di bidang teknologi",Mentor,Positif,7.0,Tidak Disebutkan
"Programnya terstruktur, mentor profesional, dan pembelajarannya berbasis proyek nyata sehingga sangat membantu meningkatkan keterampilan praktis serta kesiapan karier di bidang teknologi",Materi,Positif,7.0,Tidak Disebutkan
"Programnya terstruktur, mentor profesional, dan pembelajarannya berbasis proyek nyata sehingga sangat membantu meningkatkan keterampilan praktis serta kesiapan karier di bidang teknologi",Project,Positif,7.0,Tidak Disebutkan
"Programnya terstruktur, mentor profesional, dan pembelajarannya berbasis proyek nyata sehingga sangat membantu meningkatkan keterampilan praktis serta kesiapan karier di bidang teknologi",Skill,Positif,7.0,Tidak Disebutkan
"Programnya terstruktur, mentor profesional, dan pembelajarannya berbasis proyek nyata sehingga sangat membantu meningkatkan keterampilan praktis serta kesiapan karier di bidang teknologi",Karier,Positif,7.0,Tidak Disebutkan
"Programnya terstruktur, mentor profesional, dan pembelajarannya berbasis proyek nyata sehingga sangat membantu meningkatkan keterampilan praktis serta kesiapan karier di bidang teknologi",Program,Positif,7.0,Tidak Disebutkan
Program MSIB di VINIX7 berjalan dengan sangat baik,Program,Positif,5.0,Tidak Disebutkan
"Pembelajarannya jelas, mentornya komunikatif, dan suasananya nyaman sehingga proses belajar terasa ringan tetapi tetap efektif",Mentor,Positif,3.0,Tidak Disebutkan
"Pembelajarannya jelas, mentornya komunikatif, dan suasananya nyaman sehingga proses belajar terasa ringan tetapi tetap efektif",Materi,Positif,3.0,Tidak Disebutkan
Saya mendapatkan banyak wawasan baru dan pengalaman yang bermanfaat,Umum,Positif,7.0,Tidak Disebutkan
Terima kasih VINIX7🙏🏻 …,Umum,Positif,2.0,Tidak Disebutkan
Saya sangat puas dan merekomendasikan program di VINIX7,Program,Positif,9.0,Tidak Disebutkan
Saya mengambil paket pembelajaran untuk Junior Web Development dan UI/UX Designer,Materi,Netral,0.0,Tidak Disebutkan
Pendekatan pembelajarannya sangat praktis dan mendalam,Materi,Positif,2.0,Tidak Disebutkan
"Pengalaman saya selama mengikuti program MSIN Vinix 7 Batch 3 sangat berharga dan menyenangkan, dari pembelajaran yang diberikan oleh mentor yang mudah dipahami, dan penugasan yang efisien",Mentor,Positif,13.0,Tidak Disebutkan
"Pengalaman saya selama mengikuti program MSIN Vinix 7 Batch 3 sangat berharga dan menyenangkan, dari pembelajaran yang diberikan oleh mentor yang mudah dipahami, dan penugasan yang efisien",Materi,Positif,13.0,Tidak Disebutkan
"Pengalaman saya selama mengikuti program MSIN Vinix 7 Batch 3 sangat berharga dan menyenangkan, dari pembelajaran yang diberikan oleh mentor yang mudah dipahami, dan penugasan yang efisien",Program,Positif,13.0,Tidak Disebutkan
tidak hanya itu respon dari mentor yang lain juga sangat responsif dan menjawab semua pertanyaan yang ada,Mentor,Positif,4.0,Tidak Disebutkan
"Pengalaman ikut VINIX7 Batch 3 sangat membantu menambah wawasan dan keterampilan, khususnya di bidang data sains",Skill,Positif,8.0,Tidak Disebutkan
"Materinya cukup jelas, tugasnya relevan terus mentornya dan anggota kelompok yang seru",Mentor,Positif,7.0,Tidak Disebutkan
"Materinya cukup jelas, tugasnya relevan terus mentornya dan anggota kelompok yang seru",Materi,Positif,7.0,Tidak Disebutkan
"Materinya cukup jelas, tugasnya relevan terus mentornya dan anggota kelompok yang seru",Project,Positif,7.0,Tidak Disebutkan
Program VINIX Batch 7 sangat bermanfaat,Program,Positif,5.0,Tidak Disebutkan
"Mentornya ramah, materinya jelas, dan praktiknya langsung sesuai kebutuhan industri",Mentor,Netral,0.0,Tidak Disebutkan
"Mentornya ramah, materinya jelas, dan praktiknya langsung sesuai kebutuhan industri",Materi,Netral,0.0,Tidak Disebutkan
"Mentornya ramah, materinya jelas, dan praktiknya langsung sesuai kebutuhan industri",Project,Netral,0.0,Tidak Disebutkan
"Mentornya ramah, materinya jelas, dan praktiknya langsung sesuai kebutuhan industri",Karier,Netral,0.0,Tidak Disebutkan
Pengalaman belajarnya seru dan menambah banyak skill baru,Skill,Positif,5.0,Tidak Disebutkan
Sangat direkomendasikan,Umum,Netral,0.0,Tidak Disebutkan
Magang di Vinix sebagai Junior Cybersecurity memberikan pengalaman yang bermanfaat,Umum,Positif,5.0,Cybersecurity
"Saya belajar dasar-dasar keamanan sistem, cara berpikir analitis terhadap ancaman siber, serta mendapatkan bimbingan dari tim yang cukup suportif",Program,Positif,7.0,Cybersecurity
Lingkungan kerjanya baik dan cocok untuk menambah pengalaman di bidang cybersecurity,Karier,Positif,4.0,Cybersecurity
Mengikuti Studi Independen di PT Vinix Seven Aurum adalah salah satu pengalaman terbaik saya,Umum,Positif,5.0,Tidak Disebutkan
"Kurikulumnya dirancang sangat sistematis, mengajarkan siklus Data Science secara end-to-end menggunakan metodologi standar industri (CRISP-DM)",Materi,Netral,0.0,Tidak Disebutkan
"Kurikulumnya dirancang sangat sistematis, mengajarkan siklus Data Science secara end-to-end menggunakan metodologi standar industri (CRISP-DM)",Karier,Netral,0.0,Tidak Disebutkan
"Kurikulumnya dirancang sangat sistematis, mengajarkan siklus Data Science secara end-to-end menggunakan metodologi standar industri (CRISP-DM)",Program,Netral,0.0,Tidak Disebutkan
"Saya mendapatkan banyak pengalaman dan ilmu baru selama magang & studi independen di Vinix7, mentor dan PIC yang ramah dan selalu bersedia membantu para peserta ketika kesulitan",Mentor,Positif,10.0,Tidak Disebutkan
"Belajar di Vinix7 tuh lengkap banget, dari teori sampai praktik semuanya dibahas",Project,Netral,0.0,Tidak Disebutkan
Cara ngajarnya terstruktur dan tetap gampang dipahami,Program,Positif,3.0,Tidak Disebutkan
Cocok banget buat pemula atau yang mau ngulik skill lebih dalam lagi,Skill,Netral,0.0,Tidak Disebutkan
"Pengalaman belajar yang menyenangkan dan interaktif, bukan sekedar teori saja, kita juga diberikan projek yg dikerjakan antar tim",Karier,Positif,5.0,Tidak Disebutkan
Banyak divisi yg sesuai apa yang kita perlukan untuk masa depan karir yg dipilih,Umum,Netral,0.0,Tidak Disebutkan
Programnya cukup membantu untuk memahami dasar-dasar HR,Program,Positif,4.0,Tidak Disebutkan
Mentornya menjelaskan dengan cukup jelas dan kegiatannya berjalan dengan rapi,Mentor,Positif,3.0,Tidak Disebutkan
"Pembelajarannya sederhana dan mudah diikuti, jadi cukup bermanfaat untuk menambah pengetahuan dasar",Materi,Positif,8.0,Tidak Disebutkan
"Sebelum ikut magang, yang awalnya aku cuma tahu soal figma tuh yaudah sekedar tahu aja tapi belum coba, setelah ikut magang di vinix ini aku mulai belajar dan ternyata buat design UI/UX tuh seru juga yaa",Umum,Positif,4.0,Tidak Disebutkan
"Selain nambah wawasan di vinix juga kita tambah kenal banyak orang, karna setiap pekerjaan/tugas tuh di buat per kelompok jadi tidak terlalu membebankan individu/perorangan",Project,Positif,2.0,Tidak Disebutkan
"Selain nambah wawasan di vinix juga kita tambah kenal banyak orang, karna setiap pekerjaan/tugas tuh di buat per kelompok jadi tidak terlalu membebankan individu/perorangan",Karier,Positif,2.0,Tidak Disebutkan
Terima kasih vinix atas pengalamannya,Umum,Positif,2.0,Tidak Disebutkan
Pengalaman saya Studi Independen sebagai Junior Brand Designer & Marketer di VINIX7 cukup memuaskan,Umum,Positif,5.0,Brand & Marketing
"\n\nSchedule oke, materi yang dipelajari cukup relevan dengan mata kuliah konversi",Materi,Positif,3.0,Brand & Marketing
\n\nTerima kasih VINIX7,Umum,Positif,2.0,Brand & Marketing
"Banyak pembelajaran, banyak hal baru dan penambahan skill yang relevan ditempat ini, tetapi juga disambut dalam lingkungan kerja yang sangat positif",Materi,Positif,3.0,Tidak Disebutkan
"Banyak pembelajaran, banyak hal baru dan penambahan skill yang relevan ditempat ini, tetapi juga disambut dalam lingkungan kerja yang sangat positif",Skill,Positif,3.0,Tidak Disebutkan
"Banyak pembelajaran, banyak hal baru dan penambahan skill yang relevan ditempat ini, tetapi juga disambut dalam lingkungan kerja yang sangat positif",Karier,Positif,3.0,Tidak Disebutkan
Mendapatkan rekan kerja baru dari berbagai latar belakang membuat proses belajar menjadi lebih kaya dan berkesan,Karier,Positif,4.0,Tidak Disebutkan
"saya Mengikuti studi Independen Batch 3, thanks Vinix7, dan kakak mentor Divisi Financial Market Analyst, Ilmu sangat Bermanfaat dan banyak hal yg seru selama pembelajaranya",Mentor,Positif,13.0,Financial & Banking
"saya Mengikuti studi Independen Batch 3, thanks Vinix7, dan kakak mentor Divisi Financial Market Analyst, Ilmu sangat Bermanfaat dan banyak hal yg seru selama pembelajaranya",Materi,Positif,13.0,Financial & Banking
"Program MSIB ini memberikan pengalaman """"terjun langsung"""" yang otentik",Program,Positif,1.0,Tidak Disebutkan
"Saya tidak hanya sekadar belajar teori, tetapi langsung mempraktikkan seluruh siklus proyek data (end-to-end), mulai dari pusing mencari data yang bersih, mencoba-coba analisis, sampai akhirnya berhasil menerapkan algoritma yang relatif kompleks seperti Clustering dalam 10 seri penugasan",Project,Netral,0.0,Tidak Disebutkan
"Mentornya berpengalaman, materi dijelaskan dengan jelas, dan sesi praktiknya sangat membantu untuk memahami penerapan di dunia kerja",Mentor,Positif,5.0,Tidak Disebutkan
"Mentornya berpengalaman, materi dijelaskan dengan jelas, dan sesi praktiknya sangat membantu untuk memahami penerapan di dunia kerja",Materi,Positif,5.0,Tidak Disebutkan
"Mentornya berpengalaman, materi dijelaskan dengan jelas, dan sesi praktiknya sangat membantu untuk memahami penerapan di dunia kerja",Project,Positif,5.0,Tidak Disebutkan
"Mentornya berpengalaman, materi dijelaskan dengan jelas, dan sesi praktiknya sangat membantu untuk memahami penerapan di dunia kerja",Karier,Positif,5.0,Tidak Disebutkan
Proses pembelajarannya terasa menyenangkan,Materi,Positif,4.0,Tidak Disebutkan
Sangat direkomendasikan bagi siapa pun yang ingin meningkatkan kompetensi,Skill,Positif,2.0,Tidak Disebutkan
"5 bulan saya mengikuti program ini dan program nya terstruktur, dan mentor pun membimbing para mahasiswa dengan baik",Mentor,Positif,3.0,Tidak Disebutkan
"5 bulan saya mengikuti program ini dan program nya terstruktur, dan mentor pun membimbing para mahasiswa dengan baik",Program,Positif,3.0,Tidak Disebutkan
Sehingga saya mendapatkan insight baru sebagai bekal untuk jenjang profesional nantinya,Karier,Positif,3.0,Tidak Disebutkan
Program di Vinix7 sangat bermanfaat,Program,Positif,5.0,Tidak Disebutkan
Materi yang diajarkan relevan dengan industri digital saat ini,Materi,Positif,3.0,Tidak Disebutkan
Materi yang diajarkan relevan dengan industri digital saat ini,Karier,Positif,3.0,Tidak Disebutkan
Pembelajaran fleksibel dan mentornya sangat membantu,Mentor,Positif,5.0,Tidak Disebutkan
Pembelajaran fleksibel dan mentornya sangat membantu,Materi,Positif,5.0,Tidak Disebutkan
Sangat direkomendasikan bagi yang ingin upskill di bidang teknologi,Skill,Netral,0.0,Tidak Disebutkan
"woww hampir 4 bulan belajar stupen di vinix, mantaplah",Umum,Netral,0.0,Tidak Disebutkan
jadi inget masa ngerjain tugas per modul nya tuh seru seru juga materi nya bisa diterima dengan baik,Materi,Positif,11.0,Tidak Disebutkan
jadi inget masa ngerjain tugas per modul nya tuh seru seru juga materi nya bisa diterima dengan baik,Project,Positif,11.0,Tidak Disebutkan
admin dan mentor juga humble👍🏻 kerennn,Mentor,Netral,0.0,Tidak Disebutkan
"Demi apapun worth it banget magang di vinix7, aku masuk di divisi SDM Management",Umum,Positif,4.0,Human Resources
Seru bangett ku kira awalnya bakal susah karena aku anak Ilkom ternyata mentor jelasin materi dengan bahasa yang mudah di pahami dan interaktif banget jadi aku gampang nyerap materi nya,Mentor,Positif,9.0,Human Resources
Seru bangett ku kira awalnya bakal susah karena aku anak Ilkom ternyata mentor jelasin materi dengan bahasa yang mudah di pahami dan interaktif banget jadi aku gampang nyerap materi nya,Materi,Positif,9.0,Human Resources
Program Vinix7 MSIB Mandiri Berbayar ini menawarkan kualitas yang cukup bagus,Program,Positif,4.0,Tidak Disebutkan
Materi up-to-date dan support dari kakak-kakaknya baik,Materi,Positif,3.0,Tidak Disebutkan
"Memang butuh biaya dan waktu yang tidak sedikit, tapi feedback dan networking yang didapat sangat berharga",Umum,Positif,5.0,Tidak Disebutkan
"Materi yang diberikan oleh vinix bener” runtut dari tahap awal hingga akhir yang juga diimbangin dengan project, jadi tidak hanya menambah wawasan ilmu tp juga skill",Materi,Positif,4.0,Tidak Disebutkan
"Materi yang diberikan oleh vinix bener” runtut dari tahap awal hingga akhir yang juga diimbangin dengan project, jadi tidak hanya menambah wawasan ilmu tp juga skill",Project,Positif,4.0,Tidak Disebutkan
"Materi yang diberikan oleh vinix bener” runtut dari tahap awal hingga akhir yang juga diimbangin dengan project, jadi tidak hanya menambah wawasan ilmu tp juga skill",Skill,Positif,4.0,Tidak Disebutkan
"Mentor” nya juga fun, interaktif, dan teliti gitu buat ngasih masukan pada saat presentasi, jadi peserta tidak kehilangan arah karena mendapat bimbingan",Mentor,Positif,3.0,Tidak Disebutkan
Magang online di Vinix jadi pengalaman yang menyenangkan dan bermanfaat,Umum,Positif,9.0,Tidak Disebutkan
"Walaupun dilakukan secara daring, sistem kerjanya rapi dan komunikasinya lancar",Karier,Netral,0.0,Tidak Disebutkan
"Walaupun dilakukan secara daring, sistem kerjanya rapi dan komunikasinya lancar",Program,Netral,0.0,Tidak Disebutkan
Pengalamannya cukup menambah wawasan dan skill baru,Skill,Positif,2.0,Tidak Disebutkan
Terima kasih Vinix atas kesempatan dan pengalaman magang online yang positif,Umum,Positif,5.0,Tidak Disebutkan
Rekomendasi banget buat mahasiswa yang ingin magang secara daring,Umum,Netral,0.0,Tidak Disebutkan
Saya mengikuti Studi independen Divisi SDM Management di Vinix7 sangat menyenangkan dan bermanfaat,Umum,Positif,8.0,Human Resources
Kesesuaian materi sama jurusan saya sangat sesuai,Materi,Netral,0.0,Human Resources
Terima kasih Vinix7 telah memberi ruang kepada saya untuk mendapatkan wawasan lebih mendalam,Umum,Positif,6.0,Human Resources
"terimakasih kepada vinix7 yg telah memberikan kesempatan untuk mengasah skill dan menambah ilmu di program magang vinix7 batch 3 di divisi junior legal, terimakasih pula kakak mentor yg telah mengarahkan dengan baik serta memberikan support kepada para peserta magang🙏🏻🙏🏻 …",Mentor,Positif,9.0,Lainnya
"terimakasih kepada vinix7 yg telah memberikan kesempatan untuk mengasah skill dan menambah ilmu di program magang vinix7 batch 3 di divisi junior legal, terimakasih pula kakak mentor yg telah mengarahkan dengan baik serta memberikan support kepada para peserta magang🙏🏻🙏🏻 …",Skill,Positif,9.0,Lainnya
"terimakasih kepada vinix7 yg telah memberikan kesempatan untuk mengasah skill dan menambah ilmu di program magang vinix7 batch 3 di divisi junior legal, terimakasih pula kakak mentor yg telah mengarahkan dengan baik serta memberikan support kepada para peserta magang🙏🏻🙏🏻 …",Program,Positif,9.0,Lainnya
Studi Independen di Vinix7 memberikan pengalaman yang berharga dan bermanfaat,Umum,Positif,9.0,Tidak Disebutkan
Program ini memberikan materi yang relevan dengan kebutuhan industri,Materi,Positif,3.0,Tidak Disebutkan
Program ini memberikan materi yang relevan dengan kebutuhan industri,Karier,Positif,3.0,Tidak Disebutkan
Program ini memberikan materi yang relevan dengan kebutuhan industri,Program,Positif,3.0,Tidak Disebutkan
Pembelajaran juga berbasis proyek,Materi,Netral,0.0,Tidak Disebutkan
Pembelajaran juga berbasis proyek,Project,Netral,0.0,Tidak Disebutkan
"Sangat membantu menambah pengalaman diluar kampus, dan juga dapat banyak benefit, saya mengikuti batch 3 nya dan alhamdulilah lancar karena mentor dan tim yang kompak",Mentor,Positif,6.0,Tidak Disebutkan
"VINIX7 memberikan pengalaman studi independen yang terstruktur dan relevan, dengan materi aplikatif, mentor yang suportif, serta proyek nyata yang membantu peserta mengembangkan kompetensi profesional dan kesiapan kerja",Mentor,Positif,13.0,Tidak Disebutkan
"VINIX7 memberikan pengalaman studi independen yang terstruktur dan relevan, dengan materi aplikatif, mentor yang suportif, serta proyek nyata yang membantu peserta mengembangkan kompetensi profesional dan kesiapan kerja",Materi,Positif,13.0,Tidak Disebutkan
"VINIX7 memberikan pengalaman studi independen yang terstruktur dan relevan, dengan materi aplikatif, mentor yang suportif, serta proyek nyata yang membantu peserta mengembangkan kompetensi profesional dan kesiapan kerja",Project,Positif,13.0,Tidak Disebutkan
"VINIX7 memberikan pengalaman studi independen yang terstruktur dan relevan, dengan materi aplikatif, mentor yang suportif, serta proyek nyata yang membantu peserta mengembangkan kompetensi profesional dan kesiapan kerja",Skill,Positif,13.0,Tidak Disebutkan
"VINIX7 memberikan pengalaman studi independen yang terstruktur dan relevan, dengan materi aplikatif, mentor yang suportif, serta proyek nyata yang membantu peserta mengembangkan kompetensi profesional dan kesiapan kerja",Karier,Positif,13.0,Tidak Disebutkan
"VINIX7 memberikan pengalaman studi independen yang terstruktur dan relevan, dengan materi aplikatif, mentor yang suportif, serta proyek nyata yang membantu peserta mengembangkan kompetensi profesional dan kesiapan kerja",Program,Positif,13.0,Tidak Disebutkan
"Mengikuti  magang di Vinix7 juga melatih saya untuk bekerja secara disiplin, bertanggung jawab, dan mampu bekerja dalam tim",Karier,Netral,0.0,Tidak Disebutkan
Lingkungan kerja yang suportif membuat saya lebih percaya diri dalam mengemukakan ide dan beradaptasi dengan dunia kerja nyata,Karier,Positif,11.0,Tidak Disebutkan
Program MSIB di VINIX7 berjalan dengan sangat baik,Program,Positif,5.0,Tidak Disebutkan
"Pembelajarannya jelas, mentornya komunikatif, dan suasananya nyaman sehingga proses belajar terasa ringan tetapi tetap efektif",Mentor,Positif,3.0,Tidak Disebutkan
"Pembelajarannya jelas, mentornya komunikatif, dan suasananya nyaman sehingga proses belajar terasa ringan tetapi tetap efektif",Materi,Positif,3.0,Tidak Disebutkan
Belajar di VINIX7 seru banget sih,Umum,Positif,4.0,Tidak Disebutkan
"Mentornya enak jelasin, modulnya jelas, dan tugasnya beneran bikin ngerti",Mentor,Netral,0.0,Tidak Disebutkan
"Mentornya enak jelasin, modulnya jelas, dan tugasnya beneran bikin ngerti",Materi,Netral,0.0,Tidak Disebutkan
"Mentornya enak jelasin, modulnya jelas, dan tugasnya beneran bikin ngerti",Project,Netral,0.0,Tidak Disebutkan
Recommended banget buat yang mau upgrade skill,Skill,Positif,4.0,Tidak Disebutkan
"seru pengalaman ikut magang mandiri di vinix7 banyak kenalan sama orang baru, dapet ilmu ga hanya di kelas banyak dapet ilmu dari pengalaman2 mentor",Mentor,Positif,9.0,Tidak Disebutkan
Saya sangat puas dengan mengikuti program di VINIX7,Program,Positif,5.0,Tidak Disebutkan
Saya mengambil paket pembelajaran untuk Junior Web Dev & UI/UX,Materi,Netral,0.0,Tidak Disebutkan
Pembelajarannya sangat praktis dan mendalam,Materi,Positif,2.0,Tidak Disebutkan
"Saya Syalwa Zhahrani Fitriyadi, Divisi Entrepreneurship, Magang/studi independen di VINIX7 sangat memuaskan banyak ilmu yang di dapat, mentor nya juga sangat ramah dan jelas saat menjelaskan materi",Mentor,Positif,12.0,Bisnis & Manajemen
"Saya Syalwa Zhahrani Fitriyadi, Divisi Entrepreneurship, Magang/studi independen di VINIX7 sangat memuaskan banyak ilmu yang di dapat, mentor nya juga sangat ramah dan jelas saat menjelaskan materi",Materi,Positif,12.0,Bisnis & Manajemen
